mahabharata:12:44.6	Then Duryodhana's house, adorned with palaces, filled with many jewels and crowded with maidservants and menservants,
mahabharata:12:44.7	permitted by Dhritarashtra and given by his brother, mighty-armed Vrikodara received, as Maghavan received Mandara.
mahabharata:12:44.8	And like Duryodhana's house, Duhshasana's too, with garlands of palaces and fearsome golden arches,
mahabharata:12:44.9	full of maids and menservants, rich in wealth and grain, mighty-armed Arjuna received by the king's command.
mahabharata:12:44.13	He gave it to the ever-pleasing Sahadeva, who rejoiced to receive it like the lord of wealth in Kailasa.
mahabharata:12:44.14	Yuyutsu, Vidura, the greatly radiant Sanjaya, Sudharma and Dhaumya went each to their own homes.
mahabharata:12:44.15	Shauri (Krishna), the tiger among men, with Satyaki entered Arjuna's dwelling like a tiger a mountain cave.
mahabharata:12:44.16	There, supplied with food and drink, comfortably lodged and awakened in comfort, they waited on King Yudhishthira.
mahabharata:12:45.2	[Janamejaya said:] "Great sage, you ought to tell what the heroic revered Hrishikesha, the supreme teacher of the three worlds, did."
mahabharata:12:45.3	[Vaishampayana said:] "Hear, king of kings, as I truly tell it, blameless one, what the Pandavas did with Vasudeva at their head.
mahabharata:12:45.4	Having gained the kingdom, the greatly radiant king of dharma Yudhishthira established the four classes duly each in its own dharma.
mahabharata:12:45.5	The Pandava had a thousand nishkas pronounced for each of a thousand great-souled Brahmanas who had completed their studies.
mahabharata:12:45.6	Likewise he satisfied with desired things his dependants, servants, guests, and the wretched and even the logicians.
mahabharata:12:45.7	To the household priest Dhaumya he gave tens of thousands of cows, wealth, gold, silver and garments of many kinds.
mahabharata:12:45.8	To Kripa, great king, he behaved as to a teacher, and to Vidura the righteous one, strict in vow, paid honour.
mahabharata:12:45.9	With various food and drink, garments, beds and seats, the best of givers satisfied all his dependants.
mahabharata:12:45.10	Having brought about peace, that king, best of kings, honoured Yuyutsu, the son of Dhritarashtra, of great fame.
mahabharata:12:45.11	Having entrusted the kingdom to Dhritarashtra, Gandhari and Vidura, King Yudhishthira lived as if at ease.
mahabharata:12:45.12	Having thus pleased the whole city, Janamejaya, he went with joined palms to the great-souled Vasudeva.
mahabharata:12:45.13	Then on a great couch adorned with jewels and gold he saw Krishna seated, dark like a rain-cloud on Meru,
mahabharata:12:45.14	blazing with his body, adorned with divine ornaments, wrapped in yellow silk, like a jewel set in gold,
mahabharata:12:45.15	shining with the Kaustubha jewel on his chest, like the risen sun upon the mountain of dawn, crowned, for whom there is no comparison in the three worlds.
mahabharata:12:45.16	Approaching the great soul Vishnu in human form, he spoke sweetly with a smile at the start:
mahabharata:12:45.17	"Has your night passed happily, best of the wise? Are all your knowledges serene, Achyuta?
mahabharata:12:45.18	Relying on that goddess, your wisdom, best of the wise, we have obtained the kingdom and the earth is in our power.
mahabharata:12:45.19	By your grace, revered one, who stepped across the three worlds, victory is gained and the highest fame, and we have not fallen from dharma."
mahabharata:12:45.20	To Yudhishthira the king of dharma speaking thus, the revered one said nothing, but fell into meditation.
mahabharata:12:46.2	[Yudhishthira said:] "Having taken the fourth path of meditation, best of men, you have gone far, god; therefore my mind is astonished.
mahabharata:12:46.3	Your breath of five functions, dwelling in the body, is restrained; all your senses are placed in the mind.
mahabharata:12:46.4	Your senses and mind are set in the intellect, and the whole host is placed in the divine knower of the field in you.
mahabharata:12:46.5	Your hairs do not stir, your intellect and mind are steady; you are like a post, a wall, a stone, motionless, Madhava.
mahabharata:12:46.6	As a lamp in a windless place burns unflickering, Achyuta, so are you, revered god, motionless, firm in resolve.
mahabharata:12:46.7	If I deserve to hear it here and it is not secret, cut my doubt, god, for I take refuge and entreat you.
mahabharata:12:46.8	You are doer and undoer, you the perishable and imperishable, without beginning or end, the first, you alone are the best of men.
mahabharata:12:46.9	To me who have taken refuge in you, a devotee bowing my head, explain the truth of this meditation, best of upholders of dharma."
mahabharata:12:46.13	[Vasudeva said:] "I have gone in mind to him by whom, rushing swiftly against the whole circle of kings, three maidens were carried off long ago.
mahabharata:12:46.14	Who fought Bhargava for twenty-three days and was not overcome by Rama—I have gone to him in mind.
mahabharata:12:46.15	Whom Ganga bore as a king by the rite of conception, a pupil of Vasishtha, dear one—I have gone in mind to him, king.
mahabharata:12:46.16	Who, greatly radiant and wise, bears the divine weapons and the four Vedas with their limbs—I have gone to him in mind.
mahabharata:12:46.17	Rama's dear pupil, son of Jamadagni's disciple, Pandava, the support of all learning—I have gone to him in mind.
mahabharata:12:46.18	Uniting the host of senses and restraining the mind by intellect, he took refuge in me, and so my mind has gone to him.
mahabharata:12:46.19	He knows the past, the future and the present, bull among men, best of upholders of dharma; therefore my mind has gone to him.
mahabharata:12:46.20	When that tiger among men has gone to heaven by his own deeds, the earth, Partha, will be like a night without a moon.
mahabharata:12:46.21	So, Yudhishthira, go to Bhishma son of Ganga, of terrible valour, approach him, embrace his feet and ask what is in your mind.
mahabharata:12:46.22	Ask him, lord of the earth, of the four Vedas, the four hotri priests, the four stages of life, and the dharma of the four classes.
mahabharata:12:46.23	When that Bhishma, the bearer of the Kuru burden, has set, knowledge will become scanty; therefore I urge you."
mahabharata:12:46.24	Hearing Vasudeva's true, excellent words, the knower of dharma, his throat choked with tears, said to Janardana:
mahabharata:12:46.25	"What you say of Bhishma's power, Madhava, I have no doubt of that, giver of honour.
mahabharata:12:46.26	The great fortune and power of Bhishma the great soul I have heard from great-souled Brahmanas as they spoke.
mahabharata:12:46.27	And you are the maker of the worlds; what you say, slayer of Madhu, is a word not to be doubted, delight of the Yadus.
mahabharata:12:46.28	Since you have favoured me with your mind, Madhava, putting you in front, we shall see Bhishma.
mahabharata:12:46.29	When the revered Sun turns (in his northern course) he will go to the worlds; therefore the Kaurava deserves a sight of you, mighty-armed one.
mahabharata:12:46.30	For him, the sight of you, the first god, the perishable and the imperishable, would be a gain, for you are Brahma, a treasure made of it."
mahabharata:12:46.31	Hearing this word of the king of dharma, Madhusudana said to Satyaki at his side, "Have my chariot yoked."
mahabharata:12:46.32	Satyaki, going out, said to Daruka near Keshava, "Let Krishna's chariot be yoked."
mahabharata:12:46.33	Hearing Satyaki's quick words, Daruka reported to Achyuta, with joined palms, the excellent chariot adorned with gold, with parts made of emerald, crystal and sun-stone, its wheels bound in gold,
mahabharata:12:46.34	bright as the sun's rays, swift, adorned with various jewels, like a newly risen sun in splendour, with a banner marked with wondrous Tarkshya (Garuda) and flags,
mahabharata:12:46.35	well yoked with the best horses led by Sugriva and the army, swift as thought, with golden-adorned bodies, O lion among kings.
