brahmapuran:219:59	"What is mine of great-grandfather's father, my great-grandfathers" — and he gave to the great-grandfather, with kusha, perfume and sesame mixed with flowers, with the left (apasavya) manner.
brahmapuran:219:60	Likewise Janardana did the rite for the maternal grandfathers; worshipping them again with perfumes and the rest, he gave incense with devotion.
brahmapuran:219:61	Reciting "Adityas, Vasus, Rudras," the lord of the world then took food mixed with ghee, sesame and kusha,
brahmapuran:219:62	placed it in a vessel and asked the sages: "I shall offer in the fire." Told by them "Do so,"
brahmapuran:219:63	he should give three oblations to Soma, Agni and Yama, and recite the seven Yajus verses beginning "Ye mamaka" to Achyuta.
brahmapuran:219:64	The remainder of the offering he gave with name and gotra, three oblations for each ancestor, Brahmins.
brahmapuran:219:65	Then he placed the remaining food in the pinda vessel. Then he gave tasty sweet food, rice-pudding first,
brahmapuran:219:66	fresh, cooked once, not stale, excellent, with few greens and much fruit, of six flavours, like nectar,
brahmapuran:219:67	which he gave to the Brahmins and in the pinda vessel to the ancestors, preceded by Vedic recital, the ancestors' food flooded with ghee, sprinkled with honey,
brahmapuran:219:68	consecrated with "Prithivi"; while the Brahmins ate, he sang the Madhuvata rik and recited the set of five mantras,
brahmapuran:219:69	beginning with those suitable, no more than that; he recited the Trimadhu, Trisuparna and Brihadaranyaka,
brahmapuran:219:70	and murmured their japa, the Saura Sukta with the Purusha Sukta. When the Brahmins had eaten, asking "Are you satisfied?"
brahmapuran:219:71	"We are satisfied," they said; he gave water once, releasing from silence. Taking the pinda vessel he then gave it to Chhaya.
brahmapuran:219:72	She divided that food in two and made it each threefold. Varaha then marking the earth and covering it with kusha,
brahmapuran:219:73	making the kusha point south, and a seat over them, having refuge on kusha with sesame and with roots,
brahmapuran:219:74	having made perfume and flowers, then with devotion gave the pinda, saying "Prithivi, sustain."
brahmapuran:219:75	"The grandfathers, great-grandfathers" and "So be it," from the sky; thus the boar gave pindas to the maternal grandfathers also.
brahmapuran:219:76	He gave the food left over from the offering of the pinda to those who eat the smearings; saying "This is for you, father," he gave garments with devotion,
brahmapuran:219:77	white, washed, new, two fingers' breadth; having given perfumes, flowers and the rest, and circumambulating them,
brahmapuran:219:78	he should make the Brahmins rinse, first those of the ancestors, then the gods; then sprinkling that ground, giving water, good flowers and unbroken grain,
brahmapuran:219:79	giving water with sesame to the ancestors first and with unbroken grain to the gods: "May it be imperishable for us," and "Let the deities be pleased";
brahmapuran:219:80	having pleased them, turning around, he should recite the Aghamarshana three times; then turning back he should recite "Yan me nama".
brahmapuran:219:81	"Ancestors, give us houses filled with wealth and grain." Setting the arghya vessels with purifiers among the pindas,
brahmapuran:219:82	he murmured "They bear vigour," and the Koka water. He gave libation to the ancestors with cold milk, honey and sesame.
brahmapuran:219:83	When the ancestral Brahmins said "May it be well," at midday, satisfying again, the god Gadadhara, giving silver as fee to the Brahmins,
brahmapuran:219:84	gave a share to humans, saying "Svadha." Someone said "Accomplished," and was answered by them, best of Brahmins:
brahmapuran:219:85	"Be content," he said; they said, "We are content." He asked about the remaining food, urged with those desired,
brahmapuran:219:86	taking those Brahmins by the hand and following them then, reciting "Vaje vaje," he went out of the altar;
brahmapuran:219:87	with water of Kotitirtha, raising apasavya, he prayed for blessing for the hairs...:
brahmapuran:219:88	"May our givers prosper." They said "So be it." Circumambulating and bowing at their feet,
brahmapuran:219:89	the boar gave them seats and covered them; "Rest," he said, then entering took the middle pinda.
brahmapuran:219:90	The lord gave a pinda to his wife Earth, formed of Chhaya, saying "Ancestors, set an embryo"; she too, embodied,
brahmapuran:219:91	took the pinda and bowed at the feet of the Brahmins. The boar, wishing to dismiss the ancestors,
brahmapuran:219:92	Koka and the ancestors said words serving their own end: "Revered one, formerly we were cursed by the moon, dwellers in heaven:
brahmapuran:219:93	'You will all become fallen from yoga, fallen from heaven.' Thus you have saved us as we entered Rasatala.
brahmapuran:219:94	The lords of the universe, protectors of yoga, abandoned us fallen from yoga; may the Vishvedevas protect you again, always for us.
brahmapuran:219:95	We shall go to heaven, lord, by your grace, boar; and may Soma be our presiding deity, Achyuta, the bearer of yoga.
brahmapuran:219:96	Soma, support of yoga, never abandons; may our dwelling be in heaven and on earth always through yoga.
brahmapuran:219:97	For some in the atmosphere for a month; and for us nourishment; and this Urja, our wife, famed by the name Svadha,
brahmapuran:219:98	may she be rich in yoga, mother of yoga, sky-goer." Thus addressed by the ancestors, Varaha, source of beings,
brahmapuran:219:99	then Vishnu said to the ancestors and to the great river Koka: "All that you have said to me will be.
brahmapuran:219:100	Yama will be your presiding deity; Soma is declared your Vedic study; and fire your sacrificial overlord; this is your conception.
brahmapuran:219:101	Agni, Vayu and Sun are your place; Brahma, Vishnu and Rudra are your chief persons.
brahmapuran:219:102	The Adityas, Vasus and Rudras are these your forms. Yogis with yogic bodies, bearers of yoga and of good vows,
brahmapuran:219:103	you will roam at will, bestowers of fruit upon all beings, upon those in heaven, in hell and on earth, moving and unmoving,
brahmapuran:219:104	by your own yogic power alone you will gratify, the excellent. This Urja, daughter of the Moon, with a body of nectar and honey,
brahmapuran:219:105	will be the fortunate Svadha, daughter of Daksha; she, fair-faced, will be your wife there.
brahmapuran:219:106	She is famed as the river Koka, resting on the king of mountains, of great merit with crores of holy places, protected by my form.
brahmapuran:219:107	From today I shall dwell in her, destroying sin; seeing Varaha is meritorious, worshipping him grants enjoyment and liberation;
brahmapuran:219:108	drinking the Koka water destroys great sins; bathing in holy places is meritorious, fasting there gives heaven;
brahmapuran:219:109	a gift there is declared imperishable, removing birth, death and old age. In the month of Magha, in the dark fortnight, at the waning of the moon,
brahmapuran:219:110	you should come to Kokamukha and stay five days; and whoever at that time offers shraddha to ancestors
brahmapuran:219:111	will share the fruit told before, no doubt. I shall always stay here on the eleventh and twelfth;
brahmapuran:219:112	the wise man who fasts there will get the fruit told earlier. So go, fortunate ones, to the desired place as you wish."
brahmapuran:219:113	Saying "I too shall live here," he vanished; when Varaha had gone, the ancestors, taking leave of Koka, departed.
brahmapuran:219:114	Koka too, with the holy place, stayed on the king of mountains; Chhaya, formed of earth, the boar's mate, nourished by eating the pinda,
brahmapuran:219:115	the beautiful one, with faith, took Varaha's embryo; from her was born the son, Bhauma Narakasura, and the city Pragjyotisha was given to him by Vishnu.
brahmapuran:219:116	Thus the divine boar form of Vishnu the boon-giver at Kokamukha has been told by me; a man hearing it, free of stain and sin, would obtain the fruit of a ten horse-sacrifice offering.
brahmapuran:220:62	one should give with sesame and kusha outside near water; and on the third day the collecting of the bones of the dead should be done by Brahmins.
brahmapuran:220:63	On the tenth day a Brahmin is purified, on the twelfth a Kshatriya, a Vaishya on the fifteenth, a Shudra purifies in a month.
brahmapuran:220:64	At the end of the impurity, shraddha at home, called Ekoddishta, on the twelfth day, in the month, and then in the third fortnight,
brahmapuran:220:65	should be done every month up to a year, Brahmins; after that the Sapindikarana should be done in order.
brahmapuran:220:66	When Sapindikarana has been done, the Parvana (shraddha) is told again; from then on, freed from ghost-hood, they have reached the state of ancestors.
brahmapuran:220:67	Ancestors are remembered as twofold, formless and formed; the Nandimukhas are formless, the Parvana ones formed. Those eating Ekoddishta are ghosts: thus the determination of ancestors is threefold.
brahmapuran:220:68	"How is Sapindikarana to be done, best of Brahmins, for one who has become a ghost, by rule? Tell us, best of speakers."
brahmapuran:220:69	"Brahmins, hear the Sapindikarana as I tell: it is without gods, with one arghya and one purifier;
brahmapuran:220:70	no making in fire there; it is without invocation; and there too in the apasavya manner; he should feed an uneven number of Brahmins.
brahmapuran:220:71	There is another special thing there, beginning with the monthly rites; best of Brahmins, hear it as I tell, with one-pointed mind.
brahmapuran:220:72	There one should make four vessels with sesame, perfume and water: three for the ancestors and one for the ghost, Brahmins.
brahmapuran:220:73	In the three vessels he should pour arghya from the ghost's vessel, reciting "Ye samanah," and do the rest as before.
brahmapuran:220:74	For women too it is thus: Ekoddishta is declared; Sapindikarana for them does not exist if there is no son.
brahmapuran:220:75	Ekoddishta should be done by men for a woman every year, and on the day of death for the ancestors as prescribed.
brahmapuran:220:76	In the absence of a son, the sapindas; in their absence, brothers of the same womb should properly do this rite; and a son's sons.
brahmapuran:220:77	A maiden's son should do it for his maternal grandfathers; those called Dvyamushyayana should
brahmapuran:220:78	worship the maternal grandfather and grandfather duly by occasional shraddhas also. In the absence of all, women should do it for their husbands without mantras.
brahmapuran:220:79	In their absence, the king should have all rites such as cremation done properly for those without family by men of their own class.
brahmapuran:220:80	For the king is the kinsman of all varnas. These have been told to you, Brahmins, the regular and occasional.
brahmapuran:220:81	I shall tell of another rite based on shraddha, regular and occasional. Darsha (new moon) is the occasion there; know it with the waning of the moon.
brahmapuran:220:82	The regular one has a fixed time; one should do it then as said. After Sapindikarana, the father's great-grandfather
brahmapuran:220:83	goes to the eaters of smearings, cut off from the pinda of the ancestors; the fourth of them becomes an eater of smearings.
brahmapuran:220:84	He too obtains a lesser enjoyment by connection. Father, grandfather and great-grandfather
brahmapuran:220:85	these three persons are to be known as pinda-connected; others from the grandfather's grandfather onward are lepa-connected;
brahmapuran:220:86	three are named of them, and the sacrificer is the seventh. Thus the connection of seven persons is told by the sages.
brahmapuran:220:87	From the sacrificer upward there are the anulepa eaters; then all other earlier-born, those who dwell in hells,
brahmapuran:220:88	those who have attained animal birth, those who stand in the state of ghosts and the like — the sacrificer performing shraddha by rule,
brahmapuran:220:89	that one satisfies them, Brahmins, by whatever I now tell: the scattering of food done by men on the ground
brahmapuran:220:90	satisfies those who have become pisachas. The water that falls on the ground from bathing clothes, Brahmins,
brahmapuran:220:91	by it satisfaction arises for those who attained tree-hood. The drops of perfumed water that fall on the ground's surface
brahmapuran:220:92	give nourishment to those who went to god-hood in the family. And the drops of water on the ground after the pindas are lifted
brahmapuran:220:93	give nourishment to those who in the family went to animal-hood, and the toothless children in the family excluded from rites,
brahmapuran:220:94	the dead without rights, who eat swept water; and the water of those who have eaten and rinsed, and what water arises from washing feet,
brahmapuran:220:95	of Brahmins likewise — by this they go to satisfaction. Thus whatever sprinkling of water and food there is by the sacrificer and those Brahmins,
brahmapuran:220:96	pure or leavings, by that food in the family those who have gone to another womb
brahmapuran:220:97	go to nourishment, Brahmins, of those who properly perform shraddha. The shraddha done by men with wealth unjustly earned
brahmapuran:220:98	does not satisfy those in the wombs of Chandalas, Pulkasas and the like. Thus nourishment of many through kinsmen, Brahmins,
brahmapuran:220:99	arises here from those performing shraddha, by sprinklings of water. Therefore a man should perform shraddha with devotion, even with greens, by rule;
brahmapuran:220:100	in the family of one who does shraddha no one sinks. Shraddha should be given to Brahmins who are self-controlled, keepers of Agnihotra,
brahmapuran:220:101	of pure conduct, learned, especially Shrotriyas: one who knows Triṇāciketa, Trimadhu, Trisuparna, the six limbs,
brahmapuran:220:102	devoted to mother and father, a sister's son, a knower of Samaveda; one should feed priests, house-priests, teachers and instructors,
brahmapuran:220:103	maternal uncle, father-in-law, brother-in-law, relative, a reciter of Drona, a Mandala Brahmin who is skilled in the meaning of the Puranas,
brahmapuran:220:104	one not following the ritual yet content with it, who refuses gifts: these Brahmins who purify a row are to be engaged at shraddha.
brahmapuran:220:105	One should invite the previously mentioned best of Brahmins the previous day, and arrange them for the divine and ancestral assignments in the same way.
brahmapuran:220:106	One who will perform the shraddha must be self-controlled; one who, having given or eaten at shraddha, has intercourse,
brahmapuran:220:107	his ancestors lie in that semen for a month; one who goes to a woman or eats at a shraddha,
brahmapuran:220:108	their ancestors for that month eat semen and urine as food; therefore the invitation should be made by the wise not at first.
brahmapuran:220:109	If not available, or on that day, those devoted to women should be avoided. And the ascetics who come for alms, controlled, in time,
brahmapuran:220:110	he should feed, appeased with prostration and the like, with attentive mind; the wise man should feed yogis too at shraddha then.
brahmapuran:220:111	For ancestors have yoga as their support; therefore one should always worship them. If there is one yogi among thousands of Brahmins,
brahmapuran:220:112	he would carry across the sacrificer and the eaters like a boat on water. Here the Brahman-speakers also sing an ancestors' verse:
brahmapuran:220:113	the verse sung earlier by the ancestors of King Aila: "When will there be among our offspring a chief, some son
brahmapuran:220:114	who on earth will give us pindas left over by yogis' food, or at Gaya a pinda, rhinoceros meat and oblation,
brahmapuran:220:115	kalashaka greens, sesame and ghee, and krisara for our satisfaction, Vishvedeva and Soma (offerings), rhinoceros meat as the best oblation?
brahmapuran:220:116	Without horns, from head to foot we bless;" one should give shraddha on the thirteenth, and under the Magha star, by rule.
brahmapuran:220:117	Rice-pudding joined with honey and ghee in the southern course; therefore a man should worship his ancestors with devotion by rule,
brahmapuran:220:118	wishing all desires and release of himself from sin. Vasus, Rudras, Adityas, stars, planets and stars
brahmapuran:220:119	are pleased, ancestors satisfied by shraddha, and they give men long life, offspring, wealth, learning, heaven, liberation and pleasures;
brahmapuran:220:120	the ancestors, satisfied by shraddha, give kingdom also. Thus the afternoon exceeds the forenoon for ancestors.
brahmapuran:220:121	Having worshipped those twice-born who have come to one's house with welcome, he should seat them on seats, their hands purified and having rinsed.
brahmapuran:220:122	Having done shraddha by rule and fed the best of Brahmins, he should dismiss them speaking pleasantly and bowing with devotion.
brahmapuran:220:123	He should follow them to the door, and return with permission; then he should do the daily rite and feed guests.
brahmapuran:220:124	Some, best of men, want the daily rite of ancestors; others not so; one should do the rest as before.
brahmapuran:220:125	Others say separately; some say earlier as before; then the man should eat that food with servants and others.
brahmapuran:220:126	Thus the knower of dharma, composed, should do the ancestral shraddha so that satisfaction arises in the chief Brahmins.
brahmapuran:220:127	Now I shall tell the lowest of the twice-born to be avoided: betrayer of a friend, one with bad nails, impotent, consumptive, one with white (leprosy), trader on the road,
brahmapuran:220:128	one with dark teeth, bald, one-eyed, blind, deaf, dull, dumb, lame, crippled, eunuch, one with bad skin, deformed, squinting,
brahmapuran:220:129	leper, red-eyed, hunchback, dwarf, ugly, lazy, enemy of friend, of bad family, cowherd, shapeless,
brahmapuran:220:130	a younger brother married before the elder, the elder who is unmarried, son of the woman married as a second wife, husband of a low-caste woman and her son — a Brahmin should not be a shraddha eater.
brahmapuran:220:131	The performer of rites for a low-caste woman's son, an unmarried one, husband of a widow, a paid teacher, one taught by pay,
brahmapuran:220:132	one living on food of impurity, hunter, soma-seller, falsely accused, thief, fallen, usurer, rogue,
brahmapuran:220:133	informer, abandoner of the Veda, harsh in abandoning gifts and fires, the king's priest, servant, one devoid of learning, envious,
brahmapuran:220:134	hater of elders, difficult, cruel, foolish, temple-priest, star-reader, and the despised festival-maker,
brahmapuran:220:135	priest for those unfit for sacrifice, eunuch, those despised and the lowest: these should not be engaged at shraddha, seen as defilers of the row.
brahmapuran:220:136	Where the bad are favoured and the good insulted, there divine punishment, terrible, falls at once.
brahmapuran:220:137	One who, abandoning the well-ordained scripture, feeds a fool, abandoning the primal dharma — the giver there perishes.
brahmapuran:220:138	One who, abandoning a Brahmin who depends on him, brings another and feeds him, the giver there perishes, burnt by the fire of that one's sighs.
brahmapuran:220:139	Without clothing there is no rite, no sacrifice, Vedas or austerities; therefore garments should be given, especially at the time of shraddha.
brahmapuran:220:140	Silk, linen, cotton, undamaged fine cloth: one who gives these at shraddha obtains excellent desires.
brahmapuran:220:141	As among many cows a calf finds its mother, so food finds its way there where the creature stays through the Brahmins.
brahmapuran:220:142	Name, gotra and mantras convey the food given even to those who have died; satisfaction reaches them.
brahmapuran:220:143	"Salutation to gods, to ancestors and to great yogis; to Svaha and Svadha; may it be always so."
brahmapuran:220:144	One should recite this three times at the beginning and end of shraddha, and also concentrated at the offering of pindas.
brahmapuran:220:145	The ancestors come quickly and Rakshasas flee; they are pleased in the three worlds; this mantra saves.
brahmapuran:220:146	One should give new linen thread, hemp and cotton, and avoid leaf-wool, silk thread and silk;
brahmapuran:220:147	the wise should avoid the fringeless, even if unharmed; these do not please, and there would be harm to the giver.
brahmapuran:220:148	A pinda should not be offered to ancestors by one whose father is living; he should feed him by rule with desired food and eatables.
brahmapuran:220:149	A man desiring enjoyment should always give a pinda in fire; desiring offspring he should give the middle one to his wife with a mantra.
brahmapuran:220:150	Desiring excellent lustre one gives the pinda to cows; and wisdom, fame and renown one offers in water.
brahmapuran:220:151	Praying for long life one gives to crows; desiring a school for boys one gives to cocks.
brahmapuran:220:152	Some Brahmins say that the pinda is to be lifted first; with those Brahmins' permission, let it be lifted as desired.
brahmapuran:220:153	Therefore shraddha should be done as said formerly by the sages; otherwise there is fault and it does not reach the ancestors.
