mahabharata:12:201.29	Rushadgu, Kavasa, Dhaumya, the mighty Parivyadha, Ekata, Dvita and Trita, great sages,
mahabharata:12:201.30	and the blessed son of Atri and the lord Sarasvata: these nine great souls rest in the western quarter.
mahabharata:12:201.31	Atreya, Vasishtha and the great sage Kashyapa, Gautama with Bharadvaja, Vishvamitra and Kaushika,
mahabharata:12:201.32	and likewise the blessed son of the great-souled Richika, Jamadagni: these seven rest in the northern quarter.
mahabharata:12:201.33	These, of keen splendour, are all named for each direction, great souls, witnesses, makers of the worlds.
mahabharata:12:201.34	Thus these great souls stand each in a direction; by reciting them one is freed from all sins.
mahabharata:12:201.35	He who takes refuge in whichever direction these dwell is freed from all sins and may go home in safety."
mahabharata:12:202.2	[Yudhishthira said:] "And his great radiance and his ancient deed, tell me all of it as it truly is, bull of the Bharatas.
mahabharata:12:202.3	How did Hari take on a form born of an animal womb? For what purpose of creation? Tell me that, grandsire."
mahabharata:12:202.4	[Bhishma said:] "Long ago I went hunting and stayed at Markandeya's hermitage; there I saw thousands of sages sitting together.
mahabharata:12:202.5	Then they honoured me with madhuparka, and having accepted that honour I greeted the sages.
mahabharata:12:202.6	This tale was told there by the great sage Kashyapa, a divine one that gladdens the mind; hear it here, one-pointed.
mahabharata:12:202.7	Long ago, the foremost Danavas, joined with anger and greed, drunk with strength, hundreds of them, Naraka and other great asuras,
mahabharata:12:202.8	and many other Danavas, intoxicated with battle, could not bear that unsurpassed prosperity of the gods.
mahabharata:12:202.9	Oppressed by the Danavas, the gods and divine sages found no peace, king, entering here and there.
mahabharata:12:202.13	The bewildered will not understand Vishnu, whose appearance is unmanifest, the god in boar form, unassailable even by the immortals.
mahabharata:12:202.14	He will go with speed to where those lowest Danavas live in thousands, dreadful, gone beneath the earth, and will pacify them." Hearing this, the best of the gods rejoiced.
mahabharata:12:202.15	Then Vishnu of great splendour, taking the boar form, entered beneath the earth and went toward the sons of Aditi's rivals.
mahabharata:12:202.16	Seeing a superhuman being, all the Daityas together rushed, bewildered by Time, and stood up suddenly.
mahabharata:12:202.17	All rushing together seized the boar, and enraged, dragged the boar on every side.
mahabharata:12:202.18	The great lords of the Danavas, huge-bodied, of great valour, swollen with strength, could do nothing to him then, lord.
mahabharata:12:202.19	Then those Danava lords fell into astonishment from fear, and thought themselves, by thousands, in doubt.
mahabharata:12:202.20	Then the god of gods, self of yoga, charioteer of yoga, the blessed one, resorting to yoga, best of the Bharatas,
mahabharata:12:202.21	let out a great roar, agitating the Daityas and Danavas; by it all the worlds and all ten directions resounded.
mahabharata:12:202.22	By that roaring sound the worlds were shaken, and all the directions were confused, and the gods led by Shakra.
mahabharata:12:202.23	The world too became utterly motionless then, the unmoving and moving alike bewildered by that roar.
mahabharata:12:202.24	Then all those Danavas, terrified by that sound, fell lifeless, bewildered by Vishnu's splendour.
mahabharata:12:202.25	And the Boar tore with his hooves the enemies of the gods who had gone to the nether world, heaps of flesh, fat and bone.
mahabharata:12:202.26	By that great roar he is remembered as Sanatana, the lotus-naveled, the great yogi, teacher of beings, lord of beings.
mahabharata:12:202.27	Then all hosts of gods said to the Grandfather: "What kind of sound is this, god? We do not know it, lord; who is that, or whose sound is it, by which the world is troubled?"
mahabharata:12:202.28	Meanwhile Vishnu, in boar form, rose up, great god, praised by great sages.
mahabharata:12:202.29	[The Grandfather said:] "Having slain the lords of the Danavas, this great-bodied, mighty god, the great yogi, self of beings, maker of beings,
mahabharata:12:202.30	lord of all beings, yogi, the source and self of the self: let this Krishna, destroyer of all sins, be steady.
mahabharata:12:202.31	Having done this very good deed, impossible, the immeasurable lord has come to his own self, greatly fortunate, greatly radiant, lotus-naveled, great yogi, self of beings, maker of beings.
mahabharata:12:202.32	Neither distress nor fear nor grief should be felt, best of gods; this is ordinance and his power, Time the cause of destruction. This sound was uttered by that great soul as he bears the worlds."
mahabharata:12:202.33	He indeed, greatly fortunate, saluted by all worlds, Achyuta, lotus-eyed, is the source of all beings."
mahabharata:12:203.2	[Bhishma said:] "Here too they cite this ancient tale, a dialogue joined with liberation, of a disciple with his teacher.
mahabharata:12:203.3	A certain disciple, very wise, seeking the good, well collected, approaching a brahmana teacher, best of sages, who sat, clasped his feet and, standing with folded hands, said:
mahabharata:12:203.4	"If, blessed one, you are pleased with my service, I have a great doubt; you should explain it to me.
mahabharata:12:203.5	Whence am I, and whence are you? Tell me rightly what is supreme. And how is it, best of the twice-born, that among all beings, equal, those who conduct themselves rightly turn back, with the opposites of decay and rise?
mahabharata:12:203.6	And the word that is in the Vedas, worldly and pervasive: this, learned one, you should explain in truth, all of it."
mahabharata:12:203.7	[The teacher said:] "Hear, disciple of great wisdom, this supreme secret of Brahman, the self of all beings, and the wealth of the scriptures.
mahabharata:12:203.8	Vasudeva is all this, the mouth of Brahman of the universe; he is truth, giving, sacrifice, forbearance, self-control and honesty.
mahabharata:12:203.9	That eternal Person, Vishnu, whom the knowers of the Veda know, the creator and dissolver, unmanifest, eternal Brahman: hear from me this Brahman, this tale of the Vrishni."
mahabharata:12:203.13	Ancestors, gods and sages, likewise yakshas and Danavas, nagas, asuras and men, the supreme imperishable creates.
mahabharata:12:203.14	So also the Vedas, the shastras and the eternal dharmas of the world: at dissolution, reaching nature, the lord creates them at the beginning of the age.
mahabharata:12:203.15	As in the seasons the marks of the seasons are seen in manifold forms in turn, those same ones, so too Brahma in days and nights.
mahabharata:12:203.16	Then whatever is to be, at whatever time, from the union of time, at the beginning of ages, that knowledge arises, born of the ordering of the course of the world.
mahabharata:12:203.17	At the end of the age the Vedas with the histories disappeared; the great sages obtained them again through austerity, permitted by the Self-born.
mahabharata:12:203.18	The blessed Brihaspati knew the Veda and the limbs of the Veda; Bhargava taught the science of policy for the good of the world.
mahabharata:12:203.19	Narada taught the Gandharva Veda; Bharadvaja the grasp of the bow; Garga the conduct of the divine sages; Krishnatreya medicine.
mahabharata:12:203.20	Many systems of reasoning were spoken by those and those disputants; what is said by reasons, scripture and good conduct is followed.
mahabharata:12:203.21	The supreme Brahman, which is without beginning, neither gods nor sages know; the blessed Narayana, the lord, the Creator, alone knows it.
mahabharata:12:203.22	From Narayana the hosts of sages, the chiefs, the gods and asuras, the royal sages and the ancients come, the supreme remedy for sorrow.
mahabharata:12:203.23	Nature brings forth the thing supervised by the Person, and then, joined with its cause, the whole world revolves.
mahabharata:12:203.24	As other lamps are lit by thousands from one lamp, so nature creates, and by its endlessness is not diminished.
mahabharata:12:203.25	Intellect, born of unmanifest action, brings forth ego; from ego, space; from space, wind arose.
mahabharata:12:203.26	From wind, fire; then water; from water the earth emerged; these are the eight root natures, and the world rests in them.
mahabharata:12:203.27	Then the five senses of knowledge and the five senses of action, the five objects, and in modification the mind as sixteenth.
mahabharata:12:203.28	Ear, skin, the two eyes, tongue and nose are the five senses; the feet, the anus, the generative organ, the hands and speech are for the senses of action.
mahabharata:12:203.29	Sound, touch, form, taste and smell are the objects; thought is pervasive, and the mind goes through them all.
mahabharata:12:203.30	The tongue is for knowing taste, and speech for utterance; all things are scattered, joined with various senses, and so is the mind.
mahabharata:12:203.31	Know these sixteen as deities in their divisions; in bodies they worship the one who knows and acts, who is seated.
mahabharata:12:203.32	So the tongue has the quality of Soma, smell is the quality of earth, hearing has the quality of sound and the eye the quality of fire; touch know as the quality of wind in all beings always.
mahabharata:12:203.33	They say mind has the quality of sattva, and sattva is born of the unmanifest; dwelling as the self of all beings, so the wise should know it.
mahabharata:12:203.34	These states carry the whole world, moving and unmoving; the god free of rajas, whom they call the supreme state, is resorted to.
mahabharata:12:203.35	The holy city of nine gates, joined with these states, is pervaded and lain in by the great self; therefore he is called Purusha.
mahabharata:12:203.36	He is unageing and immortal, instructive of the manifest and unmanifest, pervasive, with qualities, subtle, the support of the qualities of all beings.
mahabharata:12:203.37	As a lamp, whose nature is light, is small or great, so know the Person, whose nature is knowledge, in all creatures.
mahabharata:12:203.38	He here knows the knowable, he hears, he sees; this body is his instrument; he is the doer of all actions.
mahabharata:12:203.39	As fire in wood is not seen when the wood is split, so the self in the body is seen here only by yoga.
mahabharata:12:203.40	As waters join in rivers, as rays go with the sun, spreading, so go the bodies of the embodied.
mahabharata:12:203.41	As in dream-yoga the self, joined with the five senses, leaves the body and goes, so it is found here.
mahabharata:12:203.42	He is pervaded by action first, and arises by action, and is led elsewhere by action, by the stronger of his own making.
mahabharata:12:203.43	As he, leaving one body, takes up another, so I shall tell you of this host of beings born of its own actions."
mahabharata:12:204.2	[The teacher said:] "As the great tree contained in the fig-seed is seen clearly when it has come forth, so there is origin from the unmanifest.
mahabharata:12:204.3	As the lifeless iron rushes to the magnet, both without consciousness, and like things born of their own nature and cause,
mahabharata:12:204.4	so states born of the unmanifest bear the marks of the doer and the cause; the unconscious are joined by the cause of the conscious one.
mahabharata:12:204.5	Neither earth, sky, heaven, beings, sages nor gods and asuras; there was nothing else but the living soul; they did not come together.
mahabharata:12:204.6	By all policy, the pervasive great, marked by its cause, is indicated by ignorance and action; this is the mark of the cause.
mahabharata:12:204.7	That, joined with causes, produces the collection of effects, by which this great wheel without beginning or end turns.
mahabharata:12:204.8	The wheel with the unmanifest as its nave, the manifest as its maker, and the circle of modifications, supervised by the knower of the field, with oily axle, turns firmly.
mahabharata:12:204.9	Because of the oil, all the world is crushed on this wheel like sesame, pressed by enjoyments born of ignorance as by oil-presses.
mahabharata:12:204.14	As wind may be dusty or dustless, so the wise should know this difference between the field and the knower of the field. By practice, thus joined, he does not return to nature again.
mahabharata:12:204.15	The blessed sage cut this doubt that had arisen; likewise one should look at the matter as measured by the marks made.
mahabharata:12:204.16	As seeds burnt by fire do not sprout again, so the self is not bound again by afflictions burnt by knowledge."
mahabharata:12:205.2	[The teacher said:] "Rare are the knowers of the Veda who stand in what the Veda says; therefore they seek here the praised path for the purpose.
mahabharata:12:205.3	Because it has been practised by the good, this conduct is not blamed; there is this understanding and another, by which one goes to the supreme goal.
mahabharata:12:205.4	The embodied one through delusion takes up all possessions, joined with states such as desire and anger, rajasic and tamasic.
mahabharata:12:205.5	Therefore one should not do the impure, wishing to maintain the body; making a gap in action, he would not gain the good worlds.
mahabharata:12:205.6	As gold joined with alloy and not well refined does not shine, so knowledge called unripe in its astringency does not shine.
mahabharata:12:205.7	He who through delusion practises adharma, following desire and greed, having left the righteous path, perishes with his followers.
mahabharata:12:205.8	Therefore one should follow the objects of sound and the rest without attachment; anger, joy and despondency arise from each other.
mahabharata:12:205.9	In a body of five elements, with sattva, rajas and tamas, whom does this one praise, or whom shout at, or what should he say?
mahabharata:12:205.14	So, in the wilderness of the world, intent on toil, one should take food for the journey, as a sick man takes medicine.
mahabharata:12:205.15	With truth, purity, honesty and renunciation, with fame and valour, forbearance, steadiness, intellect, mind and austerity alone,
mahabharata:12:205.16	he should live with all states as they come, in order; wishing peace, with undismayed self, he should restrain the senses.
mahabharata:12:205.17	Bewildered by sattva, rajas and tamas, creatures revolve like a wheel greatly, from ignorance.
mahabharata:12:205.18	Therefore one should examine well the faults born of ignorance, and always give up ego, born of ignorance.
mahabharata:12:205.19	The great elements, the senses, the qualities, sattva, rajas and tamas: the three worlds with their lord, all, are founded on ego.
mahabharata:12:205.20	As time here shows the fixed qualities of the seasons, so know ego among beings as the mover of beings.
mahabharata:12:205.21	Know tamas as the bewilderer, dark, born of ignorance; and the three qualities all bound with joy and sorrow: learn them, of sattva, rajas and tamas.
mahabharata:12:205.22	Delusion, joy-born delight, freedom from doubt, steadiness, memory: know these as the qualities of sattva; these others are rajasic and tamasic.
mahabharata:12:205.23	Desire, anger, heedlessness, greed, delusion, fear, weariness, despondency, grief, discontent, pride, arrogance and ignobleness,
mahabharata:12:205.24	of such faults as these, examining the heavy and light, one should consider each in turn, those resting in oneself."
mahabharata:12:205.25	[The disciple said:] "Which faults are given up by the mind, which loosened by the intellect? Which come again and again, which are fruitless from delusion?
mahabharata:12:205.26	Of which should the wise man weigh strength and weakness by reasons and intellect? Tell me all this, lord, so that I may know."
mahabharata:12:205.27	[The teacher said:] "With faults cut off from the root, the pure soul is freed; as an iron one destroys what has arisen, so the self-trained one is destroyed by innate rajasic faults.
mahabharata:12:205.28	Rajasic and tamasic, born of the action of the pure-souled, all that is the seed of embodied beings; all is the same for the self-possessed.
mahabharata:12:205.29	Therefore the self-possessed should avoid rajas and tamas; freed from rajas and tamas, sattva would become spotless.
mahabharata:12:205.30	Or they say, with mantras, of eaters of meat, the Yajus is made; the same is the reason in abstaining from taking and in keeping to pure dharma.
mahabharata:12:205.31	By rajas he undertakes tasks joined with dharma and wealth, and excessively enjoys all desires.
mahabharata:12:205.32	By tamas he pursues what is joined with greed and born of anger, delighting in violence, drowsy and sleepy.
mahabharata:12:205.33	Abiding in sattva, resorting to it, he sees pure sattvic states; that embodied one is spotless, fortunate, pure, endowed with knowledge."
mahabharata:12:206.2	[The teacher said:] "They enter the supreme Self, the god, imperishable and undecaying, Vishnu, established in the unmanifest, best of gods.
mahabharata:12:206.3	Men, their limbs pierced by his maya, fallen from knowledge and without hope, from the bewilderment of knowledge then go to desire.
mahabharata:12:206.4	From desire they reach anger, and greed and delusion; from pride and arrogance, ego; from ego, actions.
mahabharata:12:206.5	From actions come the bond of affection; from affection, grief; from the beginning of pleasure and pain, births and non-births, moments made.
mahabharata:12:206.6	From birth, the dwelling in the womb, born of semen and blood, and turbid with the origin of excrement, urine, moisture and blood.
mahabharata:12:206.7	Overcome by craving, bound by them, floating among them, there one should understand women as the carriers of the web of the world.
mahabharata:12:206.8	By nature they are the field; men are marked as the knower of the field; therefore the wise man should especially pass beyond them.
mahabharata:12:206.9	These are the witches in dreadful form who bewilder the unwise; the eternal form of the senses is concealed in rajas.
mahabharata:12:206.12	Rajas is cast in tamas; sattva stands in tamas; ignorance is the seat of knowledge, marked by intellect and ego.
mahabharata:12:206.13	They call that the seed of the embodied, that seed called the soul; by action joined with time it turns the cycle of the world.
mahabharata:12:206.14	As the embodied one, as in dream, seems to delight in a body with the mind, so, with qualities carrying the womb of action, he comes to be in the womb.
mahabharata:12:206.15	Impelled by action as seed, whichever sense it is arises from ego, with a mind joined with attachment.
mahabharata:12:206.16	From attachment to sound the ear is born for him of purified self; from attachment to form, the eye; the nose from the wish for scent.
mahabharata:12:206.17	From touches, the wind, dependent on prana and apana; vyana, udana and samana: the fivefold support of the body.
mahabharata:12:206.18	By limbs that are born, produced by action, covered by Brahma, a man is of sorrow at its beginning, middle and end, bodily and mental.
mahabharata:12:206.19	Know sorrow from taking up, and it grows from conceit; by giving up those, there is cessation; the knower of cessation is freed.
mahabharata:12:206.20	Of the senses both rise and dissolution are in rajas alone; the wise man should move about, examining with the eye of scripture.
mahabharata:12:206.21	The senses of knowledge do not approach the objects of the senses eagerly; by the causes known, the embodied one does not deserve a body again."
mahabharata:12:207.2	[The teacher said:] "Among all beings the Person is said to be the best; above persons they place the twice-born; above the twice-born, those who speak mantras.
mahabharata:12:207.3	They are distinguished among all beings, omniscient, all-seeing, the brahmanas who know the truth of the Veda, resolved on the truth of the purpose.
mahabharata:12:207.4	As a blind man meets hardship on the road, so the man without knowledge in the world; therefore the knowers of knowledge are superior.
mahabharata:12:207.5	Those wishing for dharma follow these and those dharmas according to scripture; but there is no common wealth for them apart from these virtues.
mahabharata:12:207.6	Purity of speech, body and mind, forbearance, truth, steadiness, memory: knowers of dharma teach these virtues in all dharmas.
mahabharata:12:207.7	That form of Brahman which is held to be celibacy is supreme above all beings; by it they go to the supreme goal.
mahabharata:12:207.8	That which is free of union with the mark and free of touch of the body, hearing by the ear, seeing by the eye,
mahabharata:12:207.9	tasting by the tongue, that too is given up; with intellect and resolve, celibacy is without stain.
mahabharata:12:207.11	Celibacy is very hard; hear from me the means: the twice-born should restrain the mind when it has arisen and risen.
mahabharata:12:207.12	Tales of women should not be heard, nor naked women be looked at; by sometimes seeing them, passion enters the weak.
mahabharata:12:207.13	When passion arises, he should practise austerity, enter water thrice a day; if overcome in a dream, he should mentally mutter the Aghamarshana three times.
mahabharata:12:207.14	Thus the wise man should burn up the sin, the rajas-made, within, with a mind joined with knowledge, continually.
mahabharata:12:207.15	As a bond without gap joined with filth and impurity, so know the self in the body as bound by the body.
mahabharata:12:207.16	Wind, bile and phlegm, blood, skin, flesh, sinew, bone and marrow, the juices of men nourish through the net of veins.
mahabharata:12:207.17	Ten channels here carry the qualities of the five senses; by them the other subtle channels, thousands, are extended.
mahabharata:12:207.18	So these veins are rivers carrying juice and nourish the ocean of the body in due time, as rivers the ocean.
mahabharata:12:207.19	In the middle of the heart there is one vein, the mind-carrying one; it sends out in all limbs the semen born of the intention of men.
mahabharata:12:207.20	The veins that spread through all the limbs, following it, reach the eyes, carrying the quality of fire.
mahabharata:12:207.21	As ghee hidden in milk is churned out with a churning-stick, so semen is churned out by the churning sticks born of the body's intention.
mahabharata:12:207.22	So too in dream the mind-born passion arrives, and the mind-carrying vein sends out semen, untouched, from the body of the man.
mahabharata:12:207.23	The great sage, the blessed Atri, knew the origin of that semen; it has three seeds, its deity is Indra; therefore it is called indriya.
mahabharata:12:207.24	Those who know the course of semen, which causes mixing of beings, are detached, their faults burnt, and do not gain birth in a body.
mahabharata:12:207.25	Having reached equality of the qualities, with mind alone driving the mind, impelling the breaths of bodily action, he is freed at the end of time.
mahabharata:12:207.26	Knowledge will come from the mind, the mind itself is extended; the luminous, stainless, divine is perfected here for the great souls.
mahabharata:12:207.27	Therefore, to avoid harm to it, one should do stainless action; having given up rajas and tamas here, he would not reach an animal birth.
mahabharata:12:207.28	Knowledge gained in youth becomes weak by paramours; but with ripe understanding, in time, one takes up mental strength.
mahabharata:12:207.29	Having crossed beyond the bond of qualities, as a very hard road, when he sees, then passing beyond faults, he enjoys immortality."
mahabharata:12:208.2	[The teacher said:] "Seeing this world ever beset by birth, death, old age, sorrow, disease and mental weariness, the wise should strive for liberation.
mahabharata:12:208.3	Pure in speech, mind and body, without ego, calm, knowing, a mendicant should wander happily, without expectation.
mahabharata:12:208.4	Or he should see attachment of the mind out of compassion for beings; even there he should be indifferent, knowing the world as the fruit of action.
mahabharata:12:208.5	Whatever good or evil deed was done before he enjoys; therefore one should do good deeds by speech, mind and action.
mahabharata:12:208.6	Non-violence, truthful speech, honesty toward all beings, forbearance and heedfulness: he who has these will be happy.
mahabharata:12:208.7	He who knows this supreme dharma, bringing happiness to all beings and the way out of sorrow, is a knower of truth and will be happy.
mahabharata:12:208.8	Therefore he should hold the mind collected by intellect on beings; he should not wish ill, nor crave, nor think of the unreal, unbound.
mahabharata:12:208.9	By the practice of silent yoga the knowing mind goes forth; or wishing to speak, regarding subtle dharma, he should speak true, non-violent, unslanderous speech.
mahabharata:12:208.13	As a flock of sheep scattered would be driven by robbers, so the unwise, knowing the world to be contrary, are driven.
mahabharata:12:208.14	And as, having thrown off those same robbers, one goes to the auspicious quarter, so, leaving rajasic and tamasic actions, one gains happiness.
mahabharata:12:208.15	Free of doubt, without effort, freed from all possessions, living in solitude, light of diet, an ascetic of restrained senses,
mahabharata:12:208.16	with afflictions burnt by knowledge, delighting in practice, self-possessed, with a mind free of wandering, he reaches that supreme.
mahabharata:12:208.17	The steady, self-possessed one should restrain the intellect without doubt; he should restrain the mind by intellect, and the objects by the mind of himself.
mahabharata:12:208.18	When his senses are restrained and he holds the mind in control, those deities appear and, delighted, go to that lord.
mahabharata:12:208.19	With a mind attached to them, he shines like Brahman; by the loss of all these he becomes fit for Brahman.
mahabharata:12:208.20	Or he should not engage but set about by the rules of yoga; by whatever system, let his livelihood be such and he should practise that.
mahabharata:12:208.21	Grains, oil-cake, thick gruel, vegetables, barley, meal, roots, fruit, and alms, he should take in turn.
mahabharata:12:208.22	Diet restrained, in place and time sattvic: examining that, he should follow what supports his activity.
mahabharata:12:208.23	He should not suppress activity but slowly kindle it like fire; then knowledge, kindled by knowledge, shines like the sun.
mahabharata:12:208.24	Ignorance is the seat of knowledge, and rules the three worlds; knowledge accompanied by discernment is drawn away by ignorance.
mahabharata:12:208.25	Because of separateness and of association, they do not envy the eternal Veda; the knower of the release from both, free of attachment, is freed.
mahabharata:12:208.26	Past the age, conquering old age and death, he gains the eternal Brahman, the immortal, the imperishable, undecaying."
mahabharata:12:209.2	[The disciple said:] "In dream the embodied one is overcome by rajas and tamas; as if gone into another body, he moves with memory gone.
mahabharata:12:209.3	By the practice of knowledge, in waking, for inquiry, afterwards, by the devotion of discernment, he wakes ever and always.
mahabharata:12:209.4	Now what is this state, in dream, as if with objects? With senses merged, the embodied one acts as if with a body."
mahabharata:12:209.5	[The teacher said:] "Here it is said, as Hari, lord of yogis, knows it; so the great sages describe it, with its meaning established.
mahabharata:12:209.6	The wise say dream comes from the fatigue of the senses and is all-pervasive; and from the mind's absorption they give that example.
mahabharata:12:209.7	As the intention of one waking whose mind is engrossed in tasks, so the lordship of wishes in dream is in the mind.
mahabharata:12:209.8	The desire-natured one may gain this in countless worlds; all that is hidden in the mind that excellent Person knows.
mahabharata:12:209.9	Whatever action of the qualities comes to hand, he knows; and beings praise that as the mind has been formed.
mahabharata:12:209.14	That which is being and non-being and the unmanifest sleeps; here is the example; they know it as the quality of the self, dwelling as the self of all beings.
mahabharata:12:209.15	He who by mind desires the lordly quality through intention should be known by the power of the self; for all the deities are in the self.
mahabharata:12:209.16	So, joined with austerity, like the sun beyond darkness, the embodied one, the nature of the three worlds, by austerity reaches the Great Lord.
mahabharata:12:209.17	Austerity is supported by the gods; darkness, a mass, by the asuras; this, guarded by gods and asuras, they say is marked by knowledge.
mahabharata:12:209.18	They know sattva, rajas and tamas as the qualities of gods and asuras; know sattva as the quality of the gods, the other two as asuric.
mahabharata:12:209.19	That supreme Brahman, the knowable, immortal, light, imperishable: those self-trained ones who know it go to the supreme goal.
mahabharata:12:209.20	So much can be said with reasoning to the eye of knowledge; or by withdrawal the unmanifest Brahman can be known."
mahabharata:12:210.2	[The teacher said:] "Know the manifest as the mouth of death and the unmanifest as the immortal state; the sage Narayana spoke of the dharma marked by activity.
mahabharata:12:210.3	In this alone all three worlds, moving and unmoving, are situated; the dharma marked by withdrawal is the unmanifest, eternal Brahman.
mahabharata:12:210.4	Prajapati then spoke the dharma marked by activity: activity is return, withdrawal is the highest goal.
mahabharata:12:210.5	The sage devoted to withdrawal reaches that supreme goal, ever intent on the truth of knowledge, pointing out the good and bad."
mahabharata:13:2.16	Generous, of sweet speech, free of envy, master of his senses, righteous-souled, merciful, valorous and not boastful.
mahabharata:14:5.6	Constantly oppressed by his elder brother, Bharata, he gave up his wealth, took to the directions as his clothing, and chose to live in the forest.
mahabharata:15:6.6	"You are our father, you are our mother, you are our supreme teacher; deprived of you, where shall we stay?"
mahabharata:16:4.40	Sons killed fathers and fathers sons, Bharata; intoxicated, they rushed about striking one another.
mahabharata:17:3.24	Mounting that chariot, the king, bull of the Kuru line, quickly rose upward, filling heaven and earth with his splendour.
mahabharata:18:3.13	"He who has done mostly sinful deeds first attains heaven; by that I have led you so, wishing your good, king."
