samaveda:1:152	I have taken hold of the wisdom of truth from my father; I have been born like the sun.
samaveda:1:153	May our rich cattle, strong in vigor, be with Indra in the shared feast, by which we may rejoice with plenty.
samaveda:1:154	Soma and Pushan awaken to all the good dwellings; among the gods they are placed for the charioteers.
samaveda:1:155	Sing to Indra, the best protector of your drink — the all-conquering, hundred-powered, greatest of the peoples.
samaveda:1:156	Sing the exhilarating song for Indra of the bay horses, friends — for the drinker of soma.
samaveda:1:157	We, O Indra, longing for you, friends with this very aim, the Kanvas, praise you with hymns.
samaveda:1:158	Let our songs resound around Indra for the pressed exhilarating soma; let the singers sing the hymn.
samaveda:1:159	This soma of yours, O Indra, is purified on the grass; come, hasten and drink it.
samaveda:1:160	For help we invoke day by day him who makes fair forms, like a good milker for the one who milks.
samaveda:1:161	O bull, I pour out the pressed soma for you to drink; be satisfied and attain exhilaration.
samaveda:1:162	O Indra, the soma pressed for you in the cups and vessels — you are lord of it; drink it.
samaveda:1:163	At every yoking, at every battle, we, friends, invoke Indra, the mightiest, for help.
samaveda:1:164	Come and sit down; sing to Indra, friends who bear the hymn.
samaveda:1:165	This has been pressed with strength, O lord of bounties; drink of it, you who love songs.
samaveda:1:166	Great is Indra, and may greatness be before us for the thunderbolt-bearer; his strength spreads wide like heaven.
samaveda:1:167	Now, Indra, take hold of the abundant, wondrous grasp for us, great-handed, with your right hand.
samaveda:1:168	Praise with song Indra, lord of cattle, as one who knows — son of truth, lord of the good.
samaveda:1:169	By what wondrous help shall he come to us, an ever-growing friend? By what mighty company?
samaveda:1:170	We praise him, who is conqueror in all battles, stretched out in all songs; may you bring him to help us.
samaveda:1:171	I have sought the wise, the lord of the assembly, wondrous, dear to Indra, desirable — a gift of insight.
samaveda:1:172	The paths of yours which lie below heaven, by which you drove the horseless — may the lands also hear us.
samaveda:1:173	Bring us every good thing, strength and food, O hundred-powered; since, Indra, you make us happy.
samaveda:1:174	This soma has been pressed; the Maruts drink of it, and also the self-ruling Ashvins.
samaveda:1:175	The waters, busy and moving, wait on the newborn Indra, desiring heroic strength.
samaveda:1:176	We do not harm the gods, nor do we bring them to harm; we walk by the hearing of the mantra.
samaveda:1:177	Evening has come; sing the great, the radiant song, O Atharvan descendant; praise the god Savitar.
samaveda:1:178	This incomparable Dawn dawns, the beloved of heaven; I praise you, Ashvins, loudly.
samaveda:1:179	Indra, with the bones of Dadhyanch, unresisted, slew the Vritras, ninety-nine times.
samaveda:1:180	Come, Indra, rejoice in the drink, with all the soma-joints; great is your aim, great your strength.
samaveda:1:181	Come to us now, Indra, Vritra-slayer, to our sacrifice, great one, with great helps.
samaveda:1:182	His strength shone forth when he turned both worlds like a skin, Indra, heaven and earth.
samaveda:1:183	Here for you, in the contest, like a dove to its nest — you carry that word of ours as well.
samaveda:1:184	O wind, blow healing; bring comfort and joy to our hearts, and extend our lives.
samaveda:1:185	The man whom the wise Varuna, Mitra and Aryaman protect — no one harms him.
samaveda:1:186	Desiring cattle, and horses and chariots, as before, do homage to the great ones.
samaveda:1:187	These dappled cows of yours, Indra, yield the ghee-mixed drink, swelling with this of truth.
samaveda:1:188	By this thought, desiring cattle, O much-named, much-praised, whenever you are present at every soma.
samaveda:1:189	May the purifying Sarasvati, rich in strength, with strengths, desire our sacrifice, she who gives wealth through thought.
samaveda:1:190	Who will satisfy this Indra among the human clans with soma? May he bring us treasures.
samaveda:1:191	Come, for we have pressed for you, Indra; drink this soma; come to this grass, my seat.
samaveda:1:192	May the great, heaven-dwelling, indomitable protection of the three — Mitra, Aryaman, Varuna — be below us.
samaveda:1:193	We are of those like you, O rich in wealth, O leader, Indra; stand, lord of the bay horses.
samaveda:1:194	May the soma-drops delight you; make us rich, O stone-bearer; strike down the haters of prayer.
samaveda:1:195	O you who love songs, protect our pressed soma; you are anointed with streams of honey; Indra, fame is what you have given.
samaveda:1:196	Indra ever does good for you; he will worship near; the hero Indra is not a god who is resisted.
samaveda:1:197	May the drops enter you as rivers the sea; none excels you, Indra.
samaveda:1:198	The singers sing to Indra great songs; those with hymns, with hymns; the voices praised Indra.
samaveda:1:199	May Indra give us food, wealth, skilled and bright; may the strong one give the strong.
samaveda:1:200	Indra, indeed, has driven away great fear; he is steady and all-seeing.
samaveda:1:201	These songs of ours, O lover of songs, reach you at every pressing, like cows reaching their calf.
samaveda:1:202	Now Indra and Pushan, we call on you for friendship, for welfare, for the winning of strength.
samaveda:1:203	Nothing, Indra, is higher than you, nothing greater, Vritra-slayer; none is such as you.
samaveda:1:204	I praise the same one for you: the deliverer of the peoples, the giver of strength with cattle.
samaveda:1:205	Our songs have gone out to you, Indra; they rise to you, the bull, the lord, in harmony.
samaveda:1:206	He is indeed the well-led mortal whom the Maruts and Aryaman, the friends, guard without deceit.
samaveda:1:207	Whatever wealth is hidden in strength, in steadiness, or in the far distance — bring that desirable wealth.
samaveda:1:208	The famed best Vritra-slayer, the force of the peoples, is for blessing and great bounty.
samaveda:1:209	May we reach enough fame for you, O hero Indra; enough, powerful one, in the far attack.
samaveda:1:210	Indra, enjoy this morning our offering of roasted grain, porridge, cakes and hymns.
samaveda:1:211	With the foam of the waters, Indra, you cut off the head of Namuchi, when you conquered all rivals.
samaveda:1:212	These soma-drops are yours, Indra, those pressed and those yet to be pressed; rejoice in them, O lord of wealth.
samaveda:1:213	The pressed somas are for you, the grass is spread, O shining one; be gracious to the singers, Indra.
samaveda:1:214	O Indra, hundred-powered like a skilled worker, desiring strength, I pour the greatest soma-drops for you.
samaveda:1:215	From here, Indra, come to us with a hundred strengths, with food that brings a thousand strengths.
samaveda:1:216	The Vritra-slayer took the arrow; born, he asked his mother: who are the mighty, who are heard of?
samaveda:1:217	We call on the one of great hymns, the shining-handed, for help — one who accomplishes for protection.
samaveda:1:218	May Varuna, Mitra, knowing, lead us by the straight path, and Aryaman in harmony with the gods.
samaveda:1:219	When from afar, as if here, the ruddy-limbed one blazed, he spread his light everywhere.
samaveda:1:220	O Mitra and Varuna, skilled ones, sprinkle our pasture with ghee and our realms with honey.
samaveda:1:221	These sons of ours have stretched the songs to the goal at the sacrifices, to go forth with eager spirits.
samaveda:1:222	Vishnu strode across this; he set his foot in three ways; the whole was gathered in his dusty step.
samaveda:1:223	Pass by the one who is full of wrath; urge on the one who has pressed; drink the pressed soma in his gift.
samaveda:1:224	What word is spoken to the great wise god? That alone increases him.
samaveda:1:225	Neither the recited hymn nor the wealth is known to be praised; nor is the Gayatri sung.
samaveda:1:226	Indra is the most exhilarating with hymns and lord of strengths; he has bay horses and is friend of the pressed soma.
samaveda:1:227	Come to our pressed soma with your strengths; do not be angry at us, like a great young husband.
samaveda:1:228	When, O Vasu, will the praise reach him, the beloved, and hold back the strongly spread hostility? The long pressing for the wind to swell.
samaveda:1:229	O Indra, drink soma from the Brahmin's offering, following the seasons; this friendship of yours is unconquered.
samaveda:1:230	We too are yours, Indra, your praisers, lover of songs; you, soma-drinker, quicken us.
samaveda:1:231	Come, Indra, place manly vigor in our bodies in all the battles; O ever-victorious, mighty one, give us strength.
samaveda:1:232	So indeed you are hero-loving, so indeed brave and steady; so your mind is to be won.
samaveda:1:233	We cry to you, O hero, like unmilked cows — you who rule this world, who see the sun, who rule what stands, Indra.
samaveda:1:234	We call on you alone for the winning of strength, the poets; you, lord of the good in battles, Indra — men call on you, as do racers at the goals.
samaveda:1:235	Praise Indra, bounteous, as one who knows, who gives to singers, rich in wealth, giving as if by thousands.
samaveda:1:236	Him, your wondrous victor over foes, rejoicing in the soma-drink of the Vasu — with songs we praise Indra anew, as cows their calf in their stalls.
samaveda:1:237	With strengths I invoke Indra, finder of wealth, together with our fellows for help, at the soma-pressing sacrifice, singing loudly, as one calls a worker for his burden.
samaveda:1:238	The swift one desires strength with his yoked fullness; with song I bow to Indra, invoked by many, as a carpenter to a well-running wheel-rim.
samaveda:1:239	Drink the flavored pressed soma, Indra, and rejoice for us, rich in cattle; be our kinsman in the shared feast; may your thoughts protect us.
samaveda:1:240	You come, for the wanderer; find fortune for the winning of wealth; rise up, bounteous one, for the seeking of cattle, Indra, for the seeking of horses.
samaveda:1:241	For neither the last nor Vasishtha will be shut out from you; today, O Maruts, may all the wishful ones drink together at our pressing.
