brahmasutra:1:1.1.6	If "seeing" is said to be used in a figurative sense — no, because of the word "Self" (used of the cause).
brahmasutra:1:1.1.7	Because liberation is taught for one who is devoted to that (Being).
brahmasutra:1:1.1.8	And because it is not stated that it (the Being) is to be rejected.
brahmasutra:1:1.1.9	Because of the merging into its own Self (of the individual, in deep sleep).
brahmasutra:1:1.1.10	Because of the uniformity of the scriptural statements (about the cause of the world).
brahmasutra:1:1.1.11	And because (its being a conscious cause) is stated in scripture.
brahmasutra:1:1.1.13	If it be said that the Blissful is not the Supreme because the word denotes a modification (-maya) — no, because the suffix denotes abundance.
brahmasutra:1:1.1.14	And because it is declared to be the cause of that (bliss).
brahmasutra:1:1.1.15	And that same (Brahman) is sung of in the mantra portion of the Veda.
brahmasutra:1:1.1.16	Not the other (the individual soul), because that is not possible.
brahmasutra:1:1.1.17	And because of the declaration of difference (between the two).
brahmasutra:1:1.1.18	And because of (the mention of) desire, there is no need to look for an inferred (Pradhana as cause).
brahmasutra:1:1.1.19	And scripture teaches the union of this (individual soul) with that (Blissful One) in it.
brahmasutra:1:1.1.20	The one within (the sun and the eye) is the Lord, because of the teaching of his attributes.
brahmasutra:1:1.1.21	And he is another than the individual soul, because of the declaration of difference.
brahmasutra:1:1.1.22	Space (akasha) is Brahman, because of its characteristic marks.
brahmasutra:1:1.1.23	For that very reason, prana (the vital principle in the text) is also Brahman.
brahmasutra:1:1.1.24	The light (in the text) is Brahman, because of the mention of "feet" in the context.
brahmasutra:1:1.1.25	If it be said that it is not Brahman because a metre (Gayatri) is mentioned — no, since the directing of the mind on Brahman through the metre is thus taught; and so it is seen elsewhere.
brahmasutra:1:1.1.26	And thus the statement of the (four) feet as beings and so on is also justified.
brahmasutra:1:1.1.27	If it be said that it is not so because of a difference in the teaching — no, because in both statements there is no contradiction.
brahmasutra:1:1.1.28	Prana is Brahman, because of the connection (of the context) thus.
brahmasutra:1:1.1.29	If it be said that it is not Brahman because the speaker (Indra) teaches about himself — (we reply) no, for there is abundant reference to the Self in this chapter.
brahmasutra:1:1.1.30	The teaching (by Indra) is given through insight from scripture, as in the case of Vamadeva.
brahmasutra:1:1.1.31	If it be said that it is not Brahman because of marks of the individual soul and the chief breath — no, because of the threefold nature of the meditation (on the soul, on the breath, on Brahman), and because those marks are here taken up on that basis.
brahmasutra:1:1.2.1	(The one made of mind is Brahman,) because of the teaching of what is well known everywhere (in the Upanishads as the object of meditation).
brahmasutra:1:1.2.2	And because the qualities intended to be taught are appropriate (to Brahman).
brahmasutra:1:1.2.3	But not the embodied soul, because those qualities are not possible for it.
brahmasutra:1:1.2.4	And because of the declaration of object and agent (the one to be attained and the attainer).
brahmasutra:1:1.2.5	Because of the difference of case-endings (in the text).
brahmasutra:1:1.2.6	And because of the Smriti.
brahmasutra:1:1.2.7	If it be said that it is not Brahman because of the smallness of its abode and because it is so declared — no, because (it is so) for the sake of meditation, and (it is great) like space.
brahmasutra:1:1.2.8	If it be said that (Brahman) would then have experience of enjoyment — no, because of the difference (between the natures of the two).
brahmasutra:1:1.2.9	The eater is Brahman, because of the mention of the moving and the unmoving (as his food).
brahmasutra:1:1.2.10	And because of the context.
brahmasutra:1:1.2.11	The two that have entered the cave are the two selves (the individual and the Supreme), because it is seen thus.
brahmasutra:1:1.2.12	And because of the qualifying terms.
brahmasutra:1:1.2.13	The one within (the eye) is Brahman, because that is appropriate.
brahmasutra:1:1.2.14	And because of the mention of place and the like.
brahmasutra:1:1.2.15	And because of the mention of one characterised by bliss.
brahmasutra:1:1.2.16	And because of the mention of the path of one who has learned the secret teaching.
brahmasutra:1:1.2.17	The other (the reflection, or the soul) is not meant, because of its lack of permanence and the impossibility (of those qualities).
brahmasutra:1:1.2.18	The inner controller in the (texts concerning) the gods and so on is Brahman, because of the declaration of his attributes.
brahmasutra:1:1.2.19	And it is not the (Pradhana) of the Smriti, because attributes not belonging to it are stated.
brahmasutra:1:1.2.20	And the embodied soul is not (the inner controller); for both (recensions) speak of him as different.
brahmasutra:1:1.2.21	The one with the qualities of invisibility and so on is Brahman, because of the statement of his attributes.
brahmasutra:1:1.2.22	The other two (the soul and Pradhana) are not meant, because of the qualifications and the declaration of difference.
brahmasutra:1:1.2.23	And because of the mention of (his) form.
brahmasutra:1:1.2.24	Vaishvanara is Brahman, because of the specific qualifications of the common term.
brahmasutra:1:1.2.25	What is remembered in Smriti would be an indication (of what the Vedic text says).
brahmasutra:1:1.2.26	If it be said that it is not Brahman because of the words (agni and so on) and because it is described as established within — no, because it is taught as an object of meditation, because (otherwise) it would be impossible, and because they also teach him as having the form of a person.
brahmasutra:1:1.2.27	For this very reason Vaishvanara is neither a deity nor an element.
brahmasutra:1:1.2.28	Jaimini says that meditation directly on Brahman as Vaishvanara also involves no contradiction.
brahmasutra:1:1.2.29	Ashmarathya holds that it is because of manifestation (in the worshipper).
brahmasutra:1:1.2.30	Badari holds that it is because of remembrance (in meditation).
brahmasutra:1:1.2.31	Jaimini holds that it is because of (symbolic) identification; for thus (scripture) shows.
brahmasutra:1:1.2.32	And they teach him as (located) in this (body).
brahmasutra:1:1.3.1	The abode of heaven, earth and so on is Brahman, because of the word "own" (the Self).
brahmasutra:1:1.3.2	Because it is declared to be the goal to be reached by the liberated.
brahmasutra:1:1.3.3	Not the inferred (Pradhana), because there is no word denoting it.
brahmasutra:1:1.3.4	Nor the individual soul.
brahmasutra:1:1.3.5	Because of the declaration of difference.
brahmasutra:1:1.3.6	Because of the context.
brahmasutra:1:1.3.7	And because of the mention of abiding and eating (one looking on, the other eating).
brahmasutra:1:1.3.8	The Infinite (Bhuma) is Brahman, because of the teaching (of it) beyond the state of deep sleep.
brahmasutra:1:1.3.9	And because its attributes are appropriate (to Brahman).
brahmasutra:1:1.3.10	The Imperishable is Brahman, because it upholds everything up to space.
brahmasutra:1:1.3.11	And that upholding is by (Brahman), because of the ruling (mentioned).
brahmasutra:1:1.3.12	And because it excludes other natures.
brahmasutra:1:1.3.13	He (the Supreme) is the object of seeing, according to the declaration of the text.
brahmasutra:1:1.3.14	The small (space in the heart) is Brahman, because of the subsequent statements.
brahmasutra:1:1.3.15	Because of the "going" and the word (Brahman-world); for thus it is seen, and there is also an indication.
brahmasutra:1:1.3.16	And because of the supporting (of the worlds) and because its greatness is perceived in it.
brahmasutra:1:1.3.17	And because of well-known usage.
brahmasutra:1:1.3.18	If it be said that it is the individual soul because of the reference to the other, no, because that is impossible.
brahmasutra:1:1.3.19	If it be said that (the individual is meant) because of the later text — (we say) it refers to the soul with its true nature manifested.
brahmasutra:1:1.3.20	And the reference (to the soul) serves another purpose.
brahmasutra:1:1.3.21	If it be said that (it cannot be Brahman) because of the mention of smallness, that has been answered.
brahmasutra:1:1.3.22	(The luminous one) follows (Brahman), and this whole (world) shines by its light.
brahmasutra:1:1.3.23	This too is stated in the Smriti.
brahmasutra:1:1.3.24	The one of the measure of a thumb is Brahman, because of the word itself.
brahmasutra:1:1.3.25	It is with reference to the heart, and because human beings alone are eligible (for such knowledge).
brahmasutra:1:1.3.26	Badarayana holds that (beings) above them (the gods) are also eligible, because it is possible.
brahmasutra:1:1.3.27	If it be said that (the bodies of the gods) contradict sacrificial action — no, because of the assuming of many forms, as is seen.
brahmasutra:1:1.3.28	If it be said that (there is a contradiction) with the Vedic word — no, because from it (the world) originates, as shown by direct revelation and Smriti.
brahmasutra:1:1.3.29	For this very reason, the eternity (of the Veda) also.
brahmasutra:1:1.3.30	Because of the sameness of names and forms, there is no contradiction even in the recurrence (of creation), as shown by Sruti and Smriti.
brahmasutra:1:1.3.31	Jaimini holds that the gods are not eligible (for Brahma-knowledge), because it is impossible in the case of meditations such as the Madhu-vidya.
brahmasutra:1:1.3.32	And because (the gods) are found in the sphere of light.
brahmasutra:1:1.3.33	But Badarayana holds that (eligibility) exists, for (it is possible).
brahmasutra:1:1.3.34	The word "shuc" (grief) in Janashruti's case is hinted at by his hearing the contemptuous remark and by his running to (Raikva).
brahmasutra:1:1.3.35	And since he is known to be a Kshatriya, from the mention of Chaitraratha later on.
brahmasutra:1:1.3.36	Because of the mention of purificatory rites, and because their absence is stated (in the case of Satyakama).
brahmasutra:1:1.3.37	And because he was taken up (for teaching) upon ascertaining the absence of that (Shudra-hood).
brahmasutra:1:1.3.38	Because hearing, studying and understanding the meaning are forbidden (to Shudras), and because of the Smriti.
brahmasutra:1:1.3.39	(The all-moving life is Brahman,) because of the trembling (of the whole world).
brahmasutra:1:1.3.40	The light (is Brahman), because it is seen (in the text).
brahmasutra:1:1.3.41	Space (in the text) is Brahman, because of the declaration that it is different in nature and so on.
brahmasutra:1:1.3.42	Because of the difference (of the Self from the soul) in deep sleep and in departure.
brahmasutra:1:1.3.43	Because of words such as "lord."
brahmasutra:1:1.4.1	If it be said that even the inferred (Pradhana) is found in some recensions — no, because what is mentioned is the body, imagined as a chariot; and the text shows this.
brahmasutra:1:1.4.2	But the subtle (is the causal body), because it is fit to be so called.
brahmasutra:1:1.4.3	(Its existence is admitted) because it depends on the Lord; it serves a purpose.
brahmasutra:1:1.4.4	And because it is not said to be an object of knowledge.
brahmasutra:1:1.4.5	If it be said that (the text) declares it (as an object of knowledge) — no, for (the text speaks of) the Supreme Self.
brahmasutra:1:1.4.6	Because of the context (the object of knowledge is the Supreme Self).
brahmasutra:1:1.4.7	Of three things only is there such a statement and question (not of the Pradhana).
brahmasutra:1:1.4.8	And (as in the case of) the "great."
brahmasutra:1:1.4.9	(The "unborn" is not the Sankhya Pradhana,) because there is no specification, as in the case of the (Vedic) cup.
brahmasutra:1:1.4.10	But (the "unborn") begins with light (Brahman), for so some read.
brahmasutra:1:1.4.11	And because imagining is taught, there is no contradiction, as in the case of the honey (of the sun) and the like.
brahmasutra:1:1.4.12	Nor (does it refer to the Sankhya categories) from the mention of a number, because of the diversity and because of the excess.
brahmasutra:1:1.4.13	Prana and the rest (are Brahman's attributes), because of the remainder of the sentence.
brahmasutra:1:1.4.14	In some recensions, where food is not mentioned, (the five are counted) by means of light.
brahmasutra:1:1.4.15	And Brahman is taught as the cause in the texts about space and the rest, as stated.
brahmasutra:1:1.4.16	Because of the drawing together (of the earlier and later texts).
brahmasutra:1:1.4.17	Because "work" denotes the world.
brahmasutra:1:1.4.18	If it be said that it is not Brahman because of marks of the individual soul and the chief breath, that has been explained.
brahmasutra:1:1.4.19	Jaimini holds that the reference (to the soul) is for another purpose, because of the question and the answer; and so some also read.
brahmasutra:1:1.4.20	Because of the connection of the sentences.
brahmasutra:1:1.4.21	Ashmarathya thinks the mention (of the soul) is a mark (of the identity of soul and Brahman), for the proof of the proposition.
brahmasutra:1:1.4.22	Audulomi says it is because of such a state on the soul's departure (from the body).
brahmasutra:1:1.4.23	Kashakritsna says it is because (Brahman) abides (as the soul).
brahmasutra:1:1.4.24	Brahman is also the material cause, because this does not contradict the proposition and the illustration.
brahmasutra:1:1.4.25	And because of the teaching of reflection (in creation).
brahmasutra:1:1.4.26	And because both (origin and dissolution) are directly stated (as from Brahman).
brahmasutra:1:1.4.27	Because it made itself, through transformation.
brahmasutra:1:1.4.28	And because (Brahman) is described as the source (womb).
brahmasutra:1:1.4.29	By this all (other views) are explained; explained.
brahmasutra:2:2.1.1	If it be said that (this view) leaves no room for certain Smritis (Kapila's), we reply: no, because (rejecting the other view) would leave no room for other Smritis (Manu's and the like).
brahmasutra:2:2.1.2	And because the other (Sankhya) principles are not found in the Veda.
brahmasutra:2:2.1.3	By this the Yoga system is also refuted.
brahmasutra:2:2.1.4	(Objection:) Brahman cannot be the cause of this world, because of its being of a different nature; and so the word (of scripture) says.
brahmasutra:2:2.1.5	But (such cases of the unlike arising from the unlike) are seen.
brahmasutra:2:2.1.6	But the mention (of earth, water and so on as speaking) refers to their presiding deities, because of the specific mention and because of (the deities') entering.
brahmasutra:2:2.1.7	And it is seen (that the conscious gives rise to the unconscious, as hair and nails from a man).
brahmasutra:2:2.1.8	If it be said that (the effect) would then be non-existent (before its origin) — no, because that is merely a denial, with no counter-entity.
brahmasutra:2:2.1.9	At dissolution, (the world would impart its qualities to Brahman,) so (your view) is inconsistent.
brahmasutra:2:2.1.10	But not so, because there are examples (of cause and effect differing in nature without such consequence).
brahmasutra:2:2.1.11	And because the same fault applies to your own view.
brahmasutra:2:2.1.12	Reasoning has no fixed footing; one may infer otherwise — but even then there would be the fault of no release.
brahmasutra:2:2.1.13	By this, the views not accepted by the wise (such as atomism) are also explained (and refuted).
brahmasutra:2:2.1.14	If it be said that (the enjoyer's being merged in the cause) would lead to non-distinction (of enjoyer and enjoyed), we say: it may be so, as in the world (like the sea and its waves).
brahmasutra:2:2.1.15	The non-difference of that (effect) from it (the cause) (is known) from the word "origin" (arambhana) and other texts.
brahmasutra:2:2.1.16	And because (the effect) is perceived when the cause exists.
brahmasutra:2:2.1.17	And because the later (effect) exists (in the cause).
brahmasutra:2:2.1.18	If it be said that (the effect is) not (in the cause) because of the declaration of non-existence — no, because that is by way of a different attribute, as the rest of the passage shows.
brahmasutra:2:2.1.19	Because of reasoning and because of another text.
brahmasutra:2:2.1.20	And like a piece of cloth.
brahmasutra:2:2.1.21	And like the breath and the other functions.
brahmasutra:2:2.1.22	Because of the declaration of the other (the soul as identical with Brahman), (Brahman would be liable to) faults such as not doing good to himself.
brahmasutra:2:2.1.23	But (Brahman is) something more, because of the statement of difference.
brahmasutra:2:2.1.24	And that (objection) does not stand, as with stones and the like.
brahmasutra:2:2.1.25	If it be said that (Brahman is not the cause) because we see the collection of materials — no, because it is like milk.
brahmasutra:2:2.1.26	As with gods and the like, also in the world.
brahmasutra:2:2.1.27	(If Brahman were transformed,) either the whole would be involved, or the texts declaring it to be without parts would be violated.
brahmasutra:2:2.1.28	But not so, because scripture (says so), and Brahman is known from the word (scripture) alone.
brahmasutra:2:2.1.29	And in the Self also (such changes are possible), for there are many wonders of this kind.
brahmasutra:2:2.1.30	And because of faults in your own view.
brahmasutra:2:2.1.31	And Brahman is endowed with all powers, because that is seen (in scripture).
brahmasutra:2:2.1.32	If it be said that (Brahman) has no organs, that has been answered.
brahmasutra:2:2.1.33	(Objection:) Brahman is not the creator, because he would then have a purpose.
brahmasutra:2:2.1.34	But (creation is) mere sport, as in the world.
brahmasutra:2:2.1.35	Partiality and cruelty do not attach to Brahman, because he acts in regard to (the beings' own karma); so scripture shows.
brahmasutra:2:2.1.36	If it be said that (this is not possible) because of the non-distinction of works (before creation) — no, because (the world) is beginningless.
brahmasutra:2:2.1.37	(The beginninglessness) is reasonable and is also found (in scripture).
brahmasutra:2:2.1.38	And because all attributes are appropriate (to Brahman as cause).
brahmasutra:2:2.2.1	The inferred (Pradhana) is not the cause, because of the impossibility of the (world's) orderly arrangement.
brahmasutra:2:2.2.2	And because of the (Pradhana's) activity.
brahmasutra:2:2.2.3	If it be said that (it acts) like milk or water, (we reply) even there (a guiding agent is needed).
brahmasutra:2:2.2.4	And because (the Pradhana) has no fixed relation to (the qualities), being independent.
brahmasutra:2:2.2.5	And because (such a process) is not found elsewhere, it is not like grass and the like.
brahmasutra:2:2.2.6	Even if (its activity) is admitted, there would be no purpose.
brahmasutra:2:2.2.7	If it be said (it works) like the lame man and the blind man, or like a magnet — even so (the difficulty remains).
brahmasutra:2:2.2.8	Because a relation of principal and subordinate is not possible (among the qualities).
brahmasutra:2:2.2.9	And even if it is inferred otherwise, the Pradhana lacks the power of intelligence.
brahmasutra:2:2.2.10	And because of contradictions, (the Sankhya doctrine) is inconsistent.
brahmasutra:2:2.2.11	(The Vaisheshika doctrine:) as the great and the long come from the short and the spherical (atoms) — (this too is refuted).
brahmasutra:2:2.2.12	In both ways, the (initial) action of the atoms is not possible; therefore there is no (creation from them).
brahmasutra:2:2.2.13	And because inherence is admitted, and because of similarity, there would be an infinite regress.
brahmasutra:2:2.2.14	And because (the atoms) would then be always active (or always inactive).
brahmasutra:2:2.2.15	And because (the atoms) have colour and so on, the opposite (of their eternity) follows, as is seen.
brahmasutra:2:2.2.16	And because of faults in both cases.
brahmasutra:2:2.2.17	And because (the doctrine) is not accepted (by the wise), it is to be utterly disregarded.
brahmasutra:2:2.2.18	Even if the aggregate is held to have two causes (atoms and their combinations), the aggregate cannot be formed.
brahmasutra:2:2.2.19	If it be said (that the aggregate arises) through the mutual dependence of (ignorance and the rest) — no, because these are only causes of origin.
brahmasutra:2:2.2.20	And because, when the later arises, the former has ceased.
brahmasutra:2:2.2.21	If (the cause) is non-existent (at the time of the effect), the proposition is contradicted; otherwise there would be simultaneity.
brahmasutra:2:2.2.22	Neither conscious nor unconscious destruction is possible, because of the non-interruption (of the series).
brahmasutra:2:2.2.23	And because of faults in both cases.
brahmasutra:2:2.2.24	And in the case of space also (it cannot be called mere non-existence), because of no difference.
brahmasutra:2:2.2.25	And because of memory.
brahmasutra:2:2.2.26	(Existence) does not come from non-existence, because that is not seen.
brahmasutra:2:2.2.27	And thus (origin from non-existence) would hold even for the indifferent (the inactive).
brahmasutra:2:2.2.28	There is no non-existence (of external things), because they are perceived.
brahmasutra:2:2.2.29	And because of the difference in nature, (waking perception is) not like dreams and the like.
brahmasutra:2:2.2.30	(The idealist says) there is no (external) existence, for want of perception — (this is answered).
brahmasutra:2:2.2.31	And because of momentariness (there is no memory and no continuity).
brahmasutra:2:2.2.32	And because (the doctrine) is untenable in every way.
brahmasutra:2:2.2.33	(The Jain view is) not (tenable), because contradictory attributes cannot be in one thing.
brahmasutra:2:2.2.34	And thus the Self would be of imperfect nature (not whole).
brahmasutra:2:2.2.35	Nor is there non-contradiction by turns, because of change and so on.
brahmasutra:2:2.2.36	And because the final size of the soul is permanent, and both (the initial and final) are permanent, there is no distinction.
brahmasutra:2:2.2.37	(The Pashupata view of God as the instrumental cause only is untenable,) because of inconsistency in the Lord.
brahmasutra:2:2.2.38	And because of the impossibility of a relation.
brahmasutra:2:2.2.39	And because of the impossibility of guiding (the world).
brahmasutra:2:2.2.40	If it be said (he directs) like an instrument — no, because (he would then experience) enjoyment and the like.
brahmasutra:2:2.2.41	(He would then be) finite, or not omniscient.
brahmasutra:2:2.2.42	Because of the impossibility of origin (of the soul from Sankarshana).
brahmasutra:2:2.2.43	And the instrument does not originate from the agent.
brahmasutra:2:2.2.44	Or if (the four forms) are endowed with knowledge and the like, the objection is not removed.
brahmasutra:2:2.2.45	And because of contradictions.
brahmasutra:2:2.3.1	Space is not produced, because there is no scriptural statement of it.
brahmasutra:2:2.3.2	But there is (such a statement).
brahmasutra:2:2.3.3	(The statement about space's origin) cannot be figurative, because that is impossible.
brahmasutra:2:2.3.4	And because of the text.
brahmasutra:2:2.3.5	And the (word "born") may apply to one thing in two senses, as with the word "Brahman."
brahmasutra:2:2.3.6	(Otherwise) the proposition (that by knowing one all is known) would fail; the texts show the non-difference (of effects from Brahman).
brahmasutra:2:2.3.7	But the division (of things) extends as far as modifications, as in the world.
brahmasutra:2:2.3.8	By this, air (Matarishvan) is explained.
brahmasutra:2:2.3.9	But the origin of the Existent (Brahman) is impossible, because it is unreasonable.
brahmasutra:2:2.3.10	Fire (arises) from that (air), for so the text says.
brahmasutra:2:2.3.11	Water (arises from fire).
brahmasutra:2:2.3.12	Earth (arises from water), because of the context, the colour (mentioned) and other texts.
brahmasutra:2:2.3.13	(The creation proceeds) from that (Brahman) alone, by his reflection, because of the indication.
brahmasutra:2:2.3.14	The order of dissolution is the reverse of that of creation; this is also reasonable.
brahmasutra:2:2.3.15	If it be said that intellect and mind come in between (the elements) in order, because of the indication — no, because of no specification.
brahmasutra:2:2.3.16	The expressions of birth and death (concerning the soul) refer to bodies, moving and unmoving; they are figurative, because they hold only while the body exists.
brahmasutra:2:2.3.17	The soul is not produced, because there is no such statement, and because the texts declare its eternity.
brahmasutra:2:2.3.18	For this very reason the soul is a knower.
brahmasutra:2:2.3.19	And because of reasoning.
brahmasutra:2:2.3.20	(The soul is atomic, says the objector,) because of its departure, going and coming.
brahmasutra:2:2.3.21	And the latter two (going and coming) are by its own self.
brahmasutra:2:2.3.22	If it be said that it is not atomic because of texts to the contrary — no, because those refer to the other (the Supreme Self).
brahmasutra:2:2.3.23	And by direct statement and by measurement.
brahmasutra:2:2.3.24	There is no contradiction, as with sandal paste.
brahmasutra:2:2.3.25	If it be said that (the soul pervades the body) because of its being found in a particular place — no, because of the admitted (location) in the heart.
brahmasutra:2:2.3.26	Or (it pervades) by its quality (consciousness), like light.
brahmasutra:2:2.3.27	The quality extends beyond (its substance), like fragrance; and so scripture shows.
brahmasutra:2:2.3.28	Because of the separate mention (of the knower and the knowledge).
brahmasutra:2:2.3.29	But it is called atomic because the qualities of the intellect predominate in it, like the Supreme (in the "Prajna" text).
brahmasutra:2:2.3.30	And there is no fault, since the connection (with the intellect) lasts as long as the soul (is in worldly existence), as scripture shows.
brahmasutra:2:2.3.31	It is like maleness and the like: existing (as latent), it becomes manifest at the proper time.
brahmasutra:2:2.3.32	Otherwise there would be either constant perception or constant non-perception, or a restriction to one of the two.
brahmasutra:2:2.3.33	The soul is an agent, because scripture has meaning (its injunctions are addressed to an agent).
brahmasutra:2:2.3.34	Because of the teaching of its roaming.
brahmasutra:2:2.3.35	Because of its taking up (the organs).
brahmasutra:2:2.3.36	And because of the declaration about action; otherwise the statement would be reversed.
brahmasutra:2:2.3.37	As in the case of perception, there is no fixed rule (of agency).
brahmasutra:2:2.3.38	Because of the reversal of powers (if the intellect were the agent).
brahmasutra:2:2.3.39	And because of the impossibility of absorption (samadhi).
brahmasutra:2:2.3.40	And as the carpenter (is agent) in both ways (working with tools and resting).
brahmasutra:2:2.3.41	But (the soul's agency is) from the Supreme, because the text says so.
brahmasutra:2:2.3.42	But (the Lord acts) with regard to the effort made by the soul, so that injunctions and prohibitions are not meaningless.
brahmasutra:2:2.3.43	The soul is a part of the Lord, because of the various declarations (of difference and non-difference); and because some read (Brahman) as "slaves, rogues" and so on.
brahmasutra:2:2.3.44	Because of the mantra.
brahmasutra:2:2.3.45	It is also stated in the Smriti.
brahmasutra:2:2.3.46	The Supreme is not affected thus (by the soul's sorrow), like light and the like.
brahmasutra:2:2.3.47	And the Smriti says so.
brahmasutra:2:2.3.48	Injunction and prohibition apply because of the connection with a body, as in the case of fire and the like.
brahmasutra:2:2.3.49	And because (the soul) is not all-pervading, there is no confusion (of the results of actions).
brahmasutra:2:2.3.50	(The individual soul is) only a reflection (of the Supreme).
brahmasutra:2:2.3.51	Because of the non-regulation of unseen merit (on the other view).
brahmasutra:2:2.3.52	And so also with intention and the like.
brahmasutra:2:2.3.53	If it be said that (the regulation is) by place — no, because (all souls) are included (in each).
brahmasutra:2:2.4.1	Likewise, the vital breaths (organs) are produced.
brahmasutra:2:2.4.2	(Their origin) cannot be figurative, because that is impossible.
brahmasutra:2:2.4.3	And because the proposition is not contradicted.
brahmasutra:2:2.4.4	And because scripture speaks (of the organs) before that (their origin is mentioned).
brahmasutra:2:2.4.5	Because speech (as an organ) is preceded by (depends on) that.
brahmasutra:2:2.4.6	The organs are seven, because of their going (with the soul) and because of specification.
brahmasutra:2:2.4.7	But hands and the like are (additional), since they exist; so it is not thus (only seven).
brahmasutra:2:2.4.8	And they are minute.
brahmasutra:2:2.4.9	And the chief (breath) too.
brahmasutra:2:2.4.10	It is neither air nor a function of it, because of the separate mention.
brahmasutra:2:2.4.11	But it is like the eye and the like (subordinate to the soul), because of being taught along with them and so on.
brahmasutra:2:2.4.12	And since it is not an instrument (of knowledge), there is no fault; so scripture shows.
brahmasutra:2:2.4.13	It is described as having five functions, like the mind.
brahmasutra:2:2.4.14	And it is minute.
brahmasutra:2:2.4.15	But (the organs are) governed by fire and other deities, because scripture teaches it.
brahmasutra:2:2.4.16	(They are connected) with the one who has life (the soul), because of the text.
brahmasutra:2:2.4.17	And because of the permanence of that (connection).
brahmasutra:2:2.4.18	These are the senses, so called except the chief (breath), because of the designation.
brahmasutra:2:2.4.19	Because scripture speaks of the difference.
brahmasutra:2:2.4.20	And because of the difference in nature.
brahmasutra:2:2.4.21	But the making of names and forms is by him who makes (the elements) threefold, because of the teaching.
brahmasutra:2:2.4.22	Flesh and the like come from earth, according to the text; and (so for the other two elements) also.
brahmasutra:2:2.4.23	But because of the preponderance (of a particular element), the special designation of each; the designation.
brahmasutra:3:3.1.1	In passing to another body, the soul goes enveloped by (subtle elements), as is clear from the question and the answer.
brahmasutra:3:3.1.2	(Water is named in the question) because the (body-forming) elements are threefold in nature, but water preponderates.
brahmasutra:3:3.1.3	And because of the going of the vital breath (with the soul).
brahmasutra:3:3.1.4	If it be said that the going of speech and the rest to fire and so on is stated (so that the soul does not carry the elements) — no, because that is figurative.
brahmasutra:3:3.1.5	If it be said that water is not mentioned in the first oblation — no, because "water" there is faith, which is appropriate.
brahmasutra:3:3.1.6	If it be said that (the soul's going with water) is not stated — no, because it is understood of those who perform sacrifices and the like.
brahmasutra:3:3.1.7	Or (the statement that they are food for the gods) is figurative, because they do not know the Self; so scripture shows.
brahmasutra:3:3.1.8	When their works are exhausted, souls return with a remainder of karma, as Sruti and Smriti show.
brahmasutra:3:3.1.9	(They return) by the path by which they went, and also otherwise.
brahmasutra:3:3.1.10	If it be said that (birth is) by conduct — no; conduct is only indicative, says Karshnajini.
brahmasutra:3:3.1.11	If it be said that (works) would then be useless — no, because conduct depends on them.
brahmasutra:3:3.1.12	Badari holds that (the remainder) is only good and evil works.
brahmasutra:3:3.1.13	And it is also stated (that) those who do evil and the like (go to the moon).
brahmasutra:3:3.1.14	But the others, having experienced (suffering) in the realm of Yama, ascend and descend, since their going is so described.
brahmasutra:3:3.1.15	And the Smriti says so.
brahmasutra:3:3.1.16	There are also seven (hells).
brahmasutra:3:3.1.17	Even there, there is no contradiction, since (Yama's servants) preside there.
brahmasutra:3:3.1.18	But (the two paths) are for those of knowledge and works, because they are the subject.
brahmasutra:3:3.1.19	Not so with the third place, for it is described thus.
brahmasutra:3:3.1.20	It is also stated in the Smriti, in the world.
brahmasutra:3:3.1.21	And because of what is seen.
brahmasutra:3:3.1.22	The third (place) is included in the word (for creatures born of sweat and the like).
brahmasutra:3:3.1.23	And because of the Smriti.
brahmasutra:3:3.1.24	(The soul attains) likeness in nature to (space, wind and so on), because that is appropriate.
brahmasutra:3:3.1.25	Not after a very long time (does it descend), because of the specification.
brahmasutra:3:3.1.26	(It enters) plants presided over by other souls, as in the earlier stages, because of the statement.
brahmasutra:3:3.1.27	If it be said that (the sacrifice) is impure (because it involves killing) — no, because of the scriptural word.
brahmasutra:3:3.1.28	Then (comes) union with the one who sheds semen.
brahmasutra:3:3.1.29	From the womb, a body.
brahmasutra:3:3.2.1	In the dream state there is creation, for scripture says so.
brahmasutra:3:3.2.2	Some recensions speak of the Self as the creator of sons and other desired objects.
brahmasutra:3:3.2.3	But it is mere illusion, because its nature is not fully manifest (as in waking).
brahmasutra:3:3.2.4	And it is an indicator (of future events), according to scripture; and those who know dream-lore say so.
brahmasutra:3:3.2.5	But that (the soul's lordship) is hidden by the will of the Supreme; hence its bondage and the reverse.
brahmasutra:3:3.2.6	(The concealment is) also owing to the connection with the body.
brahmasutra:3:3.2.7	The absence of dreams (in deep sleep) is in the channels and in the Self, according to scripture.
brahmasutra:3:3.2.8	Hence the awakening is from that (Self).
brahmasutra:3:3.2.9	The same (soul awakens), because of the memory of deeds, the text and the injunction.
brahmasutra:3:3.2.10	In the swoon there is half-attainment (of deep sleep), by elimination.
brahmasutra:3:3.2.11	Not even by reason of place can the Supreme have twofold characteristics, for everywhere (scripture describes him as without qualities).
brahmasutra:3:3.2.12	If it be said (that he has them) because of differences (in the limiting adjuncts) — no, because each text denies this.
brahmasutra:3:3.2.13	And so some recensions also teach.
brahmasutra:3:3.2.14	For (Brahman) is formless alone, as it is the principal purport of the texts.
brahmasutra:3:3.2.15	And, like light, (it takes forms), so that the texts about forms are not futile.
brahmasutra:3:3.2.16	And scripture says that it is only that (pure consciousness).
brahmasutra:3:3.2.17	And scripture shows this, and it is also stated in the Smriti.
brahmasutra:3:3.2.18	For this very reason the comparisons (of the Self) with reflections of the sun and the like.
brahmasutra:3:3.2.19	But the comparison is not exact, since (Brahman) is not grasped (as located) like water.
brahmasutra:3:3.2.20	(The comparison holds with respect to) sharing the increase and decrease, because (Brahman) is inside; thus both statements are consistent.
brahmasutra:3:3.2.21	And because scripture shows this.
brahmasutra:3:3.2.22	For (the text) denies the limited extent of what was described, and then says more.
brahmasutra:3:3.2.23	That (Brahman) is unmanifest, for scripture says so.
brahmasutra:3:3.2.24	And (it is perceived) in perfect meditation, as Sruti and Smriti show.
brahmasutra:3:3.2.25	And, like light, there is no difference (between soul and Brahman in their nature).
brahmasutra:3:3.2.26	And the (soul's) light is shown in action, because of repetition.
brahmasutra:3:3.2.27	Therefore (the soul is united) with the Infinite; for there is an indication of this.
brahmasutra:3:3.2.28	But because of both statements (of difference and of non-difference), it is like a snake and its coils.
brahmasutra:3:3.2.29	Or like light and its substratum, because both are luminous.
brahmasutra:3:3.2.30	Or as in the earlier case.
brahmasutra:3:3.2.31	And because of the denial (of anything else).
brahmasutra:3:3.2.32	(There is something) higher than this (Brahman), (says the objector,) because of the terms "bridge," "measure," "connection" and "difference."
brahmasutra:3:3.2.33	But (they are used) because of similarity.
brahmasutra:3:3.2.34	(The measure) is for the sake of understanding, like the "feet" of Brahman.
brahmasutra:3:3.2.35	(The reference to "connection") is because of particular locations, like light and the like.
brahmasutra:3:3.2.36	And because it is reasonable.
brahmasutra:3:3.2.37	And so, because of the denial of anything else.
brahmasutra:3:3.2.38	By this the all-pervadingness (of Brahman) is established, from words like "extent."
brahmasutra:3:3.2.39	The fruit (of action) comes from him (the Lord), because that is reasonable.
brahmasutra:3:3.2.40	And because scripture says so.
brahmasutra:3:3.2.41	Jaimini holds it to be dharma (the work itself), for that very reason.
brahmasutra:3:3.2.42	But Badarayana holds the former (the Lord), because he is declared to be the cause.
brahmasutra:3:3.3.1	The meditations mentioned in all the Vedanta texts are the same, because injunctions and the like are not different.
brahmasutra:3:3.3.2	If it be said no, because of differences (in details) — no; even within one (meditation) such differences may occur.
brahmasutra:3:3.3.3	Because the study (of the Veda) is a duty in that way, and because of the eligibility in the usage (of the followers of the Atharva Veda).
brahmasutra:3:3.3.4	And that rule is like the rule about the water (of the sacrificial cup).
brahmasutra:3:3.3.5	And scripture shows this.
brahmasutra:3:3.3.6	The details are to be combined (in all), because the purport is the same, as with the subordinate parts of an injunction, and in the same (meditation).
brahmasutra:3:3.3.7	If it be said that it is different because of the text — no, because there is no specific difference.
brahmasutra:3:3.3.8	Or not (the same), because of the difference of context, as with the meditations on the "higher than the highest" and the like.
brahmasutra:3:3.3.9	If it be said that the name shows the identity, that has been answered; and moreover there is (sameness even so).
brahmasutra:3:3.3.10	And because of the pervasiveness (of the Self), it is consistent.
brahmasutra:3:3.3.11	Because of the identity of all (such texts), these (qualities) are to be combined elsewhere.
brahmasutra:3:3.3.12	Bliss and the like belong to the principal (Brahman).
brahmasutra:3:3.3.13	Having a head called "joy" and the like are not to be transferred, because increase and decrease belong to what has difference.
brahmasutra:3:3.3.14	But the others (reality, knowledge, infinity) are to be combined, because of the sameness of meaning.
brahmasutra:3:3.3.15	(The others are) for meditation, because there is no other purpose.
brahmasutra:3:3.3.16	And because of the word "Self."
brahmasutra:3:3.3.17	The Self (the Supreme) is meant, as in other texts, because of the later text.
brahmasutra:3:3.3.18	If it be said (that the Self is the individual) because of the connection — it is (the Supreme), by reason of the definite assertion.
brahmasutra:3:3.3.19	Because (sipping water) is stated as an act, it is something new (an unprecedented rite).
brahmasutra:3:3.3.20	(The meditation) is the same (in all), because of non-difference.
brahmasutra:3:3.3.21	Similarly elsewhere too, because of the connection.
brahmasutra:3:3.3.22	Or not (the same), because of the difference.
brahmasutra:3:3.3.23	And scripture shows this.
brahmasutra:3:3.3.24	The "gathering" and the "pervading of heaven" (qualities) also (belong to Brahman); hence (they are to be combined).
brahmasutra:3:3.3.25	As in the Purusha meditation, so in the others there is no such mention (so they are not to be combined).
brahmasutra:3:3.3.26	Because the mantras of piercing and the like have different purposes.
brahmasutra:3:3.3.27	When (good and evil) are shaken off, the "taking up" (is stated) from the remainder of the text — like Kusha grass, metres, praise and singing; this has been explained.
brahmasutra:3:3.3.28	At death (good and evil are shed), because there is nothing more to cross; so others also read.
brahmasutra:3:3.3.29	(The going is) at his own will, since there is no contradiction between the two statements.
brahmasutra:3:3.3.30	The soul's going has a purpose in both ways (for the knower of the qualified Brahman); otherwise there is a contradiction.
brahmasutra:3:3.3.31	It is reasonable, since the purpose of the characteristics is found, as in the world.
brahmasutra:3:3.3.32	There is no fixed rule for all knowers; there is no contradiction, as Sruti and Smriti show.
brahmasutra:3:3.3.33	The stay of those charged with offices lasts as long as their office.
brahmasutra:3:3.3.34	But the meditations on the Imperishable are to be combined, because of generality and their being that (Brahman), as in the Upasad — this has been said.
brahmasutra:3:3.3.35	Because so much only is taught (in the text).
brahmasutra:3:3.3.36	(The inner Self is the same) as in the case of the Self within the elements.
brahmasutra:3:3.3.37	If it be said that otherwise the difference would be inexplicable — no, it is like a difference of teaching.
brahmasutra:3:3.3.38	Interchange (of "I" and "thou") is meant, for they specify it as in other cases.
brahmasutra:3:3.3.39	Truth and the like are the same (in the two texts).
brahmasutra:3:3.3.40	Desires and the like are to be combined in the other place, and there too, because of the abode and so on.
brahmasutra:3:3.3.41	There is no omission (of the rite), because of the respect shown.
brahmasutra:3:3.3.42	(The fulfilment) presents itself, because of the text.
brahmasutra:3:3.3.43	There is no fixed rule as to ascertaining it, because it is seen (in the texts); the fruit is separately unobstructed.
brahmasutra:3:3.3.44	As with a gift, this has been stated.
brahmasutra:3:3.3.45	Because of the greater number of indications, that is stronger; even that (holds).
brahmasutra:3:3.3.46	The former (the mental cups) are alternatives (to the physical rite) because of the context, like the mental rite.
brahmasutra:3:3.3.47	And because of extension (of rules).
brahmasutra:3:3.3.48	But (the fires) are (parts of) knowledge alone, because of the determination.
brahmasutra:3:3.3.49	And because of what is seen (in scripture).
brahmasutra:3:3.3.50	And because of the greater force of direct statement and the like, there is no sublation.
brahmasutra:3:3.3.51	Because of connection and the like.
brahmasutra:3:3.3.52	And the vision (of the fires) is distinct, like the separateness of other kinds of knowledge; this has been said.
brahmasutra:3:3.3.53	Not (identity) even from generality, as it is seen; like death (not being the sun), there is no attainment of the world (by mere similarity).
brahmasutra:3:3.3.54	And (this holds) for later texts of such kind; the connection is due to the greater number.
brahmasutra:3:3.3.55	Some (deny) the Self's existence apart from the body, because (the self) is found in the body.
brahmasutra:3:3.3.56	(The Self) is distinct (from the body), because (the body's qualities) do not exist in the same way; it is not like perception (which arises with the body).
brahmasutra:3:3.3.57	But the meditations connected with parts (of a rite) are not restricted to particular branches of the Veda, but hold in each Veda.
brahmasutra:3:3.3.58	Or, as with mantras and the like, there is no contradiction.
brahmasutra:3:3.3.59	The greater (meditation) is superior, like a sacrifice; and so scripture shows.
brahmasutra:3:3.3.60	(The meditations are) different, because of the difference of words and so on.
brahmasutra:3:3.3.61	(They are) alternatives, because they have the same special result.
brahmasutra:3:3.3.62	But those (meditations) for desired ends may be combined as one wishes, or not, since the former reason is absent.
brahmasutra:3:3.3.63	In the subordinate parts (of a rite), (the meditations) follow their substrates.
brahmasutra:3:3.3.64	And because of the injunction.
brahmasutra:3:3.3.65	Because of the combining (of the parts).
brahmasutra:3:3.3.66	And because of the statement that the quality is common.
brahmasutra:3:3.3.67	Or not (so), because of the statement of their being together.
brahmasutra:3:3.3.68	And because of what is seen.
brahmasutra:3:3.4.1	The purpose of man is accomplished by this (knowledge), so Badarayana says, because of the scriptural word.
brahmasutra:3:3.4.2	Jaimini says the statements about human purpose are only praise, since (knowledge) is subordinate (to rites), as in other cases.
brahmasutra:3:3.4.3	Because of the conduct (of knowers) seen in scripture.
brahmasutra:3:3.4.4	Because scripture says so.
brahmasutra:3:3.4.5	Because (knowledge) accompanies (the rite).
brahmasutra:3:3.4.6	Because (rites) are enjoined on one who has that (knowledge).
brahmasutra:3:3.4.7	And because of the rule.
brahmasutra:3:3.4.8	But Badarayana's view is right, because the teaching is of something beyond (rites), as scripture shows.
brahmasutra:3:3.4.9	But the seeing (in the same scripture) is equal on both sides.
brahmasutra:3:3.4.10	It is not universal (that knowledge is subordinate to rites).
brahmasutra:3:3.4.11	There is a division (of the two), like a hundred (divided).
brahmasutra:3:3.4.12	(Rites are enjoined) on one who has merely learnt the text.
brahmasutra:3:3.4.13	Not so, because there is no distinction (in the text).
brahmasutra:3:3.4.14	Or (the mention of works) is a permission, for praise.
brahmasutra:3:3.4.15	And some (are said to act) by choice.
brahmasutra:3:3.4.16	And (scripture speaks of) the destruction (of works).
brahmasutra:3:3.4.17	And (this knowledge exists) among those of continent life, for the scripture says so.
brahmasutra:3:3.4.18	Jaimini holds (the text) is merely a reference, for it is not an injunction, and scripture decries (it).
brahmasutra:3:3.4.19	Badarayana holds that (the life-stages) are to be practised, because of the equal statement of all.
brahmasutra:3:3.4.20	Or it is an injunction, like the holding (of a fuel-stick).
brahmasutra:3:3.4.21	If it be said that it is merely praise, because of the mention — no, because it is something new.
brahmasutra:3:3.4.22	And because of the word denoting an act to be done.
brahmasutra:3:3.4.23	If it be said that (the stories) are for the Pariplava recitation — no, because they are specified.
brahmasutra:3:3.4.24	And thus because of their connection in one sentence (with the meditation).
brahmasutra:3:3.4.25	For this very reason there is no need of the fires, fuel and the like.
brahmasutra:3:3.4.26	But there is need of all (works), because of the texts on sacrifice and the like, as with a horse.
brahmasutra:3:3.4.27	Yet one should be endowed with calmness, self-control and the like, because these are enjoined as its aids and must be practised.
brahmasutra:3:3.4.28	And permission to eat all kinds of food (holds) only when life is in danger, as is seen (in the story).
brahmasutra:3:3.4.29	And because (this) is not opposed (to the rule).
brahmasutra:3:3.4.30	And it is also stated in the Smriti.
brahmasutra:3:3.4.31	And the scriptural word (forbids) acting by whim.
brahmasutra:3:3.4.32	And the duties of the stages of life are also enjoined.
brahmasutra:3:3.4.33	And (they are) helpful (to knowledge).
brahmasutra:3:3.4.34	In any case the same (works) are meant, because of the indication of both Sruti and Smriti.
brahmasutra:3:3.4.35	And (scripture) shows that (the knower) is not overcome.
brahmasutra:3:3.4.36	And (persons standing) between (the stages) are also eligible, as is seen.
brahmasutra:3:3.4.37	And it is stated in the Smriti.
brahmasutra:3:3.4.38	And there is special favour (by the works of the stages).
brahmasutra:3:3.4.39	But the other (the life of the stages) is better, because of the indication.
brahmasutra:3:3.4.40	But one who has become that (an ascetic) cannot revert, even according to Jaimini, because of the rule and because of the absence of any such permission.
brahmasutra:3:3.4.41	Nor does (the rule of atonement) for one in office (apply), because a fall is inferred and it is unsuitable.
brahmasutra:3:3.4.42	Some regard (this) as a minor sin, like eating (forbidden food); this has been said.
brahmasutra:3:3.4.43	But in both cases (they are) excluded (from society), because of Smriti and usage.
brahmasutra:3:3.4.44	Atreya holds that (the fruit of meditation in a rite) belongs to the master (the sacrificer), because of the statement of fruit.
brahmasutra:3:3.4.45	Audulomi says it belongs to the priest, because he is paid for it.
brahmasutra:3:3.4.46	There is an injunction of a third auxiliary (contemplation) for one who has that (knowledge), as in the case of knowledge and the rest.
brahmasutra:3:3.4.47	Because of its completeness, (the Chandogya text) concludes with the householder.
brahmasutra:3:3.4.48	Silence (is enjoined) for others also, because of the teaching.
brahmasutra:3:3.4.49	(He should live) without showing himself, because of the sequence (in the text).
brahmasutra:3:3.4.50	In this life (the fruit comes), if there is no obstruction; so it is seen.
brahmasutra:3:3.4.51	So there is no rule as to the fruit of liberation; the state (of liberation) is determined (as the same); the state is determined.
brahmasutra:4:4.1.1	Repetition (of the meditation is required), because of the repeated teaching.
brahmasutra:4:4.1.2	And because of the indication.
brahmasutra:4:4.1.3	But (the texts) accept it as the Self, and teach (others) to grasp it so.
brahmasutra:4:4.1.4	Not in a symbol (should one see the Self), for (the meditator) is not that.
brahmasutra:4:4.1.5	(In symbols) one should see Brahman, because of the elevation (of the symbol).
brahmasutra:4:4.1.6	And the ideas of the sun and the like are to be superimposed on the (ritual) member, because that is reasonable.
brahmasutra:4:4.1.7	One should meditate seated, because that is possible.
brahmasutra:4:4.1.8	And because meditation (requires it).
brahmasutra:4:4.1.9	And with reference to the immobility (of the meditator).
brahmasutra:4:4.1.10	And the Smriti says so.
brahmasutra:4:4.1.11	(Meditation may be practised) wherever concentration is attained, because there is no distinction.
brahmasutra:4:4.1.12	Until death (meditation is to be continued); for it is seen (in scripture) even then.
brahmasutra:4:4.1.13	On the attainment of that (Brahman), there follows the non-clinging of later sins and the destruction of former ones, because of the declaration.
brahmasutra:4:4.1.14	The same holds for the other (good works): non-clinging; but at death (the body falls).
brahmasutra:4:4.1.15	But only the former works, whose effect has not yet begun, (are destroyed), because of the limit (until death).
brahmasutra:4:4.1.16	But the Agnihotra and the like (continue) only for the sake of that (knowledge), as scripture shows.
brahmasutra:4:4.1.17	Others hold that works other than these also (assist), of both kinds.
brahmasutra:4:4.1.18	Because (the text says) "whatever is done with knowledge."
brahmasutra:4:4.1.19	But having exhausted the other two (kinds of works) by experiencing them, he attains (Brahman).
brahmasutra:4:4.2.1	Speech merges in the mind, because of what is seen and because of the text.
brahmasutra:4:4.2.2	For that very reason all (the organs) follow (into the mind).
brahmasutra:4:4.2.3	That mind (merges) in prana, because of the later text.
brahmasutra:4:4.2.4	That (prana merges) in the soul, the ruler, because of (the soul's) approach and other texts.
brahmasutra:4:4.2.5	(The soul with prana merges) in the elements, according to scripture.
brahmasutra:4:4.2.6	Not in one (element) only, for (the texts) show this.
brahmasutra:4:4.2.7	The going is the same (for both) up to the beginning of the path; and immortality (is attained) without burning the subtle body.
brahmasutra:4:4.2.8	(The subtle body lasts) until the merging in (Brahman), because worldly existence is stated.
brahmasutra:4:4.2.9	The subtle (body) is minute in measure and nature, because it is so perceived.
brahmasutra:4:4.2.10	Hence it is not destroyed by the burning (of the gross body).
brahmasutra:4:4.2.11	And the warmth (of a living body) belongs to this (subtle body) alone, because that is reasonable.
brahmasutra:4:4.2.12	If it be said that (the soul does not depart) because of the denial — no, (the denial concerns) the embodied soul (of the knower).
brahmasutra:4:4.2.13	For it is clear (in the texts) of some (recensions).
brahmasutra:4:4.2.14	And it is stated in the Smriti.
brahmasutra:4:4.2.15	Those (elements and organs merge) in the Supreme; for so scripture says.
brahmasutra:4:4.2.16	(They become) undivided (in Brahman), because of the statement.
brahmasutra:4:4.2.17	The front of his abode lights up; by that the door is illumined; through the power of knowledge and the recollection of the way (a part of the knowledge), and by the grace of the one within the heart, (he departs) by the channel exceeding a hundred.
brahmasutra:4:4.2.18	(He goes) following the rays (of the sun).
brahmasutra:4:4.2.19	If it be said that (he does not go) at night — no, because of the connection (with the rays).
brahmasutra:4:4.2.20	Because that connection lasts as long as the body does; and scripture shows it.
brahmasutra:4:4.2.21	And for this reason (he attains) even when the sun is in the southern course.
brahmasutra:4:4.2.22	(These times) are mentioned in the Smriti for yogis, and those rules belong to Smriti (not to the knower).
brahmasutra:4:4.3.1	(The knowers go) by the path of light and the rest, because that is well known.
brahmasutra:4:4.3.2	(Vayu, the wind, is placed between the year and the sun,) because of the word "wind," from the general and specific statements.
brahmasutra:4:4.3.3	Varuna (comes) after lightning, because of the connection.
brahmasutra:4:4.3.4	(These are) conducting deities, because of the indication.
brahmasutra:4:4.3.5	(They are conducting deities) because of the bewilderment of both (the soul and the organs on departure), which establishes that.
brahmasutra:4:4.3.6	From there (the soul is led) by the being of lightning alone, because scripture says so.
brahmasutra:4:4.3.7	Badari holds that (the soul is led to) the effect (Hiranyagarbha), because going is appropriate only to that.
brahmasutra:4:4.3.8	And because of the specific qualification.
brahmasutra:4:4.3.9	But it is called (Brahman) because of nearness.
brahmasutra:4:4.3.10	At the dissolution of the effect-world, (the soul goes) together with its ruler to the Supreme beyond, because of the statement.
brahmasutra:4:4.3.11	And because of the Smriti.
brahmasutra:4:4.3.12	Jaimini holds that (the soul goes to) the Supreme, since that is the primary (sense of Brahman).
brahmasutra:4:4.3.13	And because scripture shows this.
brahmasutra:4:4.3.14	And there is no intention of attaining the effect (the Brahma-world) in the texts.
brahmasutra:4:4.3.15	Badarayana holds that he leads those who do not rely on symbols, because of the faults in both (other views), and because of (the rule) that one becomes what one meditates on.
brahmasutra:4:4.3.16	And scripture shows the difference.
brahmasutra:4:4.4.1	(The soul,) having attained (the highest light), manifests (its own nature), because of the word "own."
brahmasutra:4:4.4.2	(It is) the liberated one, because of the declaration.
brahmasutra:4:4.4.3	(The manifested nature is) the Self, because of the context.
brahmasutra:4:4.4.4	(It is) undivided (from Brahman), because that is seen.
brahmasutra:4:4.4.5	Jaimini holds that (it manifests) with the qualities of Brahman, because of the mention of such qualities and so on.
brahmasutra:4:4.4.6	Audulomi holds that (it manifests) as mere consciousness, since that is its nature.
brahmasutra:4:4.4.7	Badarayana holds that there is no contradiction even so, because of the mention (of both) and because of the earlier state (behind the two views).
brahmasutra:4:4.4.8	And (the desired objects come) by will alone, because scripture says so.
brahmasutra:4:4.4.9	For this very reason the liberated one has no other lord.
brahmasutra:4:4.4.10	Badari says that he has no body (or organs); for scripture says so.
brahmasutra:4:4.4.11	Jaimini holds that he has (a body), because of the alternative statements.
brahmasutra:4:4.4.12	Badarayana holds that it is of both kinds, like the Dvadasaha rite.
brahmasutra:4:4.4.13	In the absence of a body (he has enjoyments) as in dream, which is reasonable.
brahmasutra:4:4.4.14	When there is a body, (they are) as in the waking state.
brahmasutra:4:4.4.15	(He can enter several bodies) like a lamp (whose flame divides); for so scripture shows.
brahmasutra:4:4.4.16	(The texts on "oneness") refer to either deep sleep or the attainment (of Brahman); for it is made manifest.
brahmasutra:4:4.4.17	(The liberated have all powers) except the activity of creating the world.
brahmasutra:4:4.4.18	Because of the context (which concerns the Lord alone), and because (the liberated) are not present (in the creation texts).
brahmasutra:4:4.4.19	If it be said (that the liberated too may have lordship) because of the direct teaching — no, because it is said of those stationed in the spheres of office.
brahmasutra:4:4.4.20	And (the Lord) is also not subject to modification; for so scripture shows.
brahmasutra:4:4.4.21	(Scripture) speaks of his abiding (in the Lord's nature); and thus Sruti and Smriti show.
brahmasutra:4:4.4.22	And because of the indication of equality (with the Lord) in enjoyment alone.
